-- phpMyAdmin SQL Dump
-- version 4.5.1
-- http://www.phpmyadmin.net
--
-- Host: 127.0.0.1
-- Generation Time: Sep 12, 2019 at 02:48 AM
-- Server version: 10.1.19-MariaDB
-- PHP Version: 7.0.13

SET SQL_MODE = "NO_AUTO_VALUE_ON_ZERO";
SET time_zone = "+00:00";


/*!40101 SET @OLD_CHARACTER_SET_CLIENT=@@CHARACTER_SET_CLIENT */;
/*!40101 SET @OLD_CHARACTER_SET_RESULTS=@@CHARACTER_SET_RESULTS */;
/*!40101 SET @OLD_COLLATION_CONNECTION=@@COLLATION_CONNECTION */;
/*!40101 SET NAMES utf8mb4 */;

--
-- Database: `perpus`
--

-- --------------------------------------------------------

--
-- Table structure for table `register`
--

CREATE TABLE `register` (
  `id` int(9) NOT NULL,
  `nama` varchar(255) NOT NULL,
  `email` varchar(100) NOT NULL
) ENGINE=InnoDB DEFAULT CHARSET=utf8;

--
-- Dumping data for table `register`
--

INSERT INTO `register` (`id`, `nama`, `email`) VALUES
(1, 'Ladarius Bogisich', 'myrna06@yahoo.com'),
(2, 'Lorenzo Schamberger', 'schneider.jaida@hotmail.com'),
(3, 'Miss Marina Haley', 'vonrueden.francisca@hotmail.com'),
(4, 'Troy Lowe', 'hansen.esmeralda@gmail.com'),
(5, 'Mrs. Corine Kilback', 'maxine26@hotmail.com'),
(6, 'Prof. Donald Mueller Jr.', 'eldridge.senger@gmail.com'),
(7, 'Dr. Margret Kerluke', 'uheller@hotmail.com'),
(8, 'Estrella Borer', 'heloise.wehner@gmail.com'),
(9, 'Prof. Bria Kunze Jr.', 'janessa67@yahoo.com'),
(10, 'Keven Mills', 'donnie.turner@yahoo.com'),
(11, 'Prof. Saige Von', 'ckunde@hotmail.com'),
(12, 'Kristoffer Zieme', 'padberg.chelsea@hotmail.com'),
(13, 'Gudrun Auer', 'rice.jairo@hotmail.com'),
(14, 'Madaline Jacobi', 'volkman.kelsi@gmail.com'),
(15, 'Dr. Lexi Volkman', 'alexane02@yahoo.com'),
(16, 'Daryl Rice', 'virginia34@hotmail.com'),
(17, 'Vallie Roberts', 'stehr.destini@gmail.com'),
(18, 'Jedidiah Ebert IV', 'wilford29@yahoo.com'),
(19, 'Cecil Huel', 'kimberly92@yahoo.com'),
(20, 'Dr. Ernie Willms', 'cmclaughlin@yahoo.com'),
(21, 'Kylee Torphy', 'runolfsdottir.cecelia@hotmail.com'),
(22, 'Ophelia Lebsack', 'reichel.shayna@yahoo.com'),
(23, 'Felicita Collins', 'ovolkman@gmail.com'),
(24, 'Prof. Marlin Yost', 'johnston.cristobal@gmail.com'),
(25, 'Cleta Turner', 'pcarter@gmail.com'),
(26, 'Jeremie Kautzer', 'senger.ernie@gmail.com'),
(27, 'Ms. Alejandra Flatley I', 'austen12@hotmail.com'),
(28, 'Esmeralda Prosacco II', 'roberts.dominic@yahoo.com'),
(29, 'Eda Okuneva', 'ahmed52@hotmail.com'),
(30, 'Miss Delta Hickle', 'hudson.marcella@gmail.com'),
(31, 'Prof. Edgar Reichert', 'jena97@gmail.com'),
(32, 'Grady Marvin', 'jesus.jast@hotmail.com'),
(33, 'Fabian Wintheiser IV', 'schaden.alan@gmail.com'),
(34, 'Wendell Hoeger', 'laurie.donnelly@hotmail.com'),
(35, 'Prof. Trycia Haley', 'winston.deckow@gmail.com'),
(36, 'Prof. Lorenza Nitzsche', 'kflatley@hotmail.com'),
(37, 'Libbie Kuphal', 'wehner.alexie@hotmail.com'),
(38, 'Darius Cremin', 'pcrooks@yahoo.com'),
(39, 'Dorris Wiza Jr.', 'jerde.cleora@yahoo.com'),
(40, 'Noemy Ryan', 'jkshlerin@yahoo.com'),
(41, 'Vidal VonRueden', 'vonrueden.idella@yahoo.com'),
(42, 'Paul Gorczany DDS', 'pierce95@yahoo.com'),
(43, 'Lelah Franecki', 'alycia71@hotmail.com'),
(44, 'Matilda Leannon Sr.', 'estel86@hotmail.com'),
(45, 'Zola Wisozk', 'zieme.lisandro@yahoo.com'),
(46, 'Glennie Hills', 'dcummerata@gmail.com'),
(47, 'Trystan Kuvalis', 'effertz.edythe@yahoo.com'),
(48, 'Izaiah Oberbrunner III', 'hamill.freeda@hotmail.com'),
(49, 'Zoey Schowalter', 'wilburn.romaguera@gmail.com'),
(50, 'Prof. Lavada Quitzon', 'pkreiger@hotmail.com'),
(51, 'Lucienne Heidenreich Sr.', 'breana52@gmail.com'),
(52, 'Willis Beatty II', 'elian.daugherty@hotmail.com'),
(53, 'Raphaelle Harris', 'vbraun@gmail.com'),
(54, 'Prof. Katelin Kirlin V', 'mbernier@hotmail.com'),
(55, 'Sharon Adams', 'schultz.raquel@gmail.com'),
(56, 'Quinn Barrows Jr.', 'brown.grant@yahoo.com'),
(57, 'Mrs. Corene Quigley', 'wking@hotmail.com'),
(58, 'Lauriane Gutmann', 'owitting@gmail.com'),
(59, 'Roberto Labadie', 'jess65@gmail.com'),
(60, 'Iva Shields', 'norris.huel@gmail.com'),
(61, 'Ms. Elizabeth Hackett', 'dtorphy@gmail.com'),
(62, 'Marco Anderson', 'dcarroll@yahoo.com'),
(63, 'Destin Johnson', 'vziemann@hotmail.com'),
(64, 'Dessie Mosciski', 'derrick.gibson@hotmail.com'),
(65, 'Gisselle Cartwright', 'chloe.kub@yahoo.com'),
(66, 'Odessa Friesen', 'dorris72@gmail.com'),
(67, 'Chyna Dibbert', 'pollich.morton@gmail.com'),
(68, 'Bill Tremblay', 'lindgren.madalyn@yahoo.com'),
(69, 'Waldo Towne', 'ryder.huels@yahoo.com'),
(70, 'Prof. Timothy Beatty IV', 'abshire.christian@gmail.com'),
(71, 'Riley Hansen', 'jamarcus.zboncak@yahoo.com'),
(72, 'Augustus Grady', 'philip.brekke@yahoo.com'),
(73, 'Francesca Ryan', 'elody.kreiger@gmail.com'),
(74, 'Jefferey Wuckert', 'wintheiser.felicia@yahoo.com'),
(75, 'Iliana Schimmel', 'cole.myrtle@gmail.com'),
(76, 'Maybell Hodkiewicz', 'april.kilback@hotmail.com'),
(77, 'Marion Smitham DDS', 'mschuster@yahoo.com'),
(78, 'Prof. Andrew Fritsch', 'marcia23@gmail.com'),
(79, 'Ervin Blanda', 'isac12@yahoo.com'),
(80, 'Lysanne Johnston', 'spencer.thora@gmail.com'),
(81, 'Ms. Josefina Marquardt MD', 'lilly.windler@gmail.com'),
(82, 'Emmie Little DVM', 'shannon.little@gmail.com'),
(83, 'Enoch Ortiz I', 'kathryn85@hotmail.com'),
(84, 'Linnie Schmidt', 'herman.art@hotmail.com'),
(85, 'Prof. Ima Langosh', 'letha31@yahoo.com'),
(86, 'Amina Bashirian', 'runolfsdottir.lillian@yahoo.com'),
(87, 'Ms. Zora Satterfield', 'rthiel@gmail.com'),
(88, 'Ms. Brianne Schmeler DDS', 'torphy.alexandro@hotmail.com'),
(89, 'Candace Brekke DVM', 'clint50@yahoo.com'),
(90, 'Prof. Cara Beier PhD', 'jarret16@gmail.com'),
(91, 'Isidro Kilback', 'bconroy@yahoo.com'),
(92, 'Aryanna Haag I', 'erik70@yahoo.com'),
(93, 'Maybelle Kovacek Jr.', 'salvador.koch@hotmail.com'),
(94, 'Macy Hintz', 'armando.nader@gmail.com'),
(95, 'Zoe Volkman', 'reilly.horacio@yahoo.com'),
(96, 'Prof. Rolando Conroy', 'nienow.flavie@hotmail.com'),
(97, 'Nelda Hane', 'vanessa.bechtelar@gmail.com'),
(98, 'Jaydon Cole', 'koby33@gmail.com'),
(99, 'Bettye Abshire', 'jbeahan@gmail.com'),
(100, 'Kitty Cartwright', 'hvolkman@hotmail.com'),
(101, 'Van Weimann III', 'quitzon.ebba@yahoo.com'),
(102, 'Augustine Yost', 'kwhite@yahoo.com'),
(103, 'Dr. Duncan Reichert', 'haskell.wiegand@hotmail.com'),
(104, 'Kelsi Dietrich', 'jermey.dach@hotmail.com'),
(105, 'Mrs. Cassandra Beahan I', 'gblock@gmail.com'),
(106, 'Tyreek Friesen', 'bruen.orland@gmail.com'),
(107, 'Norma Botsford II', 'jordon.hayes@gmail.com'),
(108, 'Forrest Reichel', 'samantha.gibson@hotmail.com'),
(109, 'Daisha Stanton MD', 'gmarks@hotmail.com'),
(110, 'Linda Nader', 'ebert.destiny@gmail.com'),
(111, 'Miss Lina Schuster DDS', 'vicenta.kohler@gmail.com'),
(112, 'Adrian Jenkins', 'dcorkery@hotmail.com'),
(113, 'Andreane Hansen', 'odoyle@gmail.com'),
(114, 'Miss Kianna Halvorson', 'beaulah.conn@hotmail.com'),
(115, 'Franco Muller', 'johnson96@gmail.com'),
(116, 'Ms. Helene Bins I', 'preynolds@yahoo.com'),
(117, 'Isobel Price DVM', 'vicenta.rohan@hotmail.com'),
(118, 'Jenifer Schoen PhD', 'emmanuelle.gaylord@gmail.com'),
(119, 'Wava King', 'belle98@yahoo.com'),
(120, 'Anderson Purdy Jr.', 'ewindler@yahoo.com'),
(121, 'Ms. Karine Boyer', 'salvatore.price@gmail.com'),
(122, 'Mike Hahn', 'wilkinson.josue@hotmail.com'),
(123, 'Gladyce Jacobi', 'romaine.botsford@yahoo.com'),
(124, 'Mrs. Jessika Terry II', 'ahmed27@yahoo.com'),
(125, 'Mr. Franco Quitzon', 'nullrich@yahoo.com'),
(126, 'Carolyn Vandervort', 'quinn14@hotmail.com'),
(127, 'Patricia Nitzsche', 'edna98@yahoo.com'),
(128, 'Elmore D''Amore', 'raynor.gabrielle@gmail.com'),
(129, 'Dr. Aliza White II', 'bbernier@yahoo.com'),
(130, 'Prof. Robbie Crist', 'antonina82@hotmail.com'),
(131, 'Miss Leonor Bernier', 'kilback.emma@gmail.com'),
(132, 'Orville Koch', 'marie.gerhold@gmail.com'),
(133, 'Sofia Cronin', 'keara77@gmail.com'),
(134, 'Pauline Conroy', 'runte.parker@gmail.com'),
(135, 'Parker Stroman', 'zemlak.dorothea@yahoo.com'),
(136, 'Susanna Wiegand', 'deion.terry@hotmail.com'),
(137, 'Jayden Schaden', 'isadore.volkman@gmail.com'),
(138, 'Ines Swaniawski DVM', 'zheller@yahoo.com'),
(139, 'Prof. Bertram Padberg', 'gutkowski.giovanni@hotmail.com'),
(140, 'Newton Nolan', 'padberg.clarissa@yahoo.com'),
(141, 'Nelda Olson', 'annetta45@gmail.com'),
(142, 'Esta Cremin', 'desmond43@hotmail.com'),
(143, 'Oren Bins', 'nharris@yahoo.com'),
(144, 'Antonia Robel', 'geovanni.howell@gmail.com'),
(145, 'Coleman Huel', 'brekke.rico@gmail.com'),
(146, 'Miss Danielle Torphy', 'kris.casey@hotmail.com'),
(147, 'Lucile Metz Sr.', 'rolando.bergnaum@gmail.com'),
(148, 'Dr. Emily Hane', 'hosea92@yahoo.com'),
(149, 'Rhea Senger MD', 'corwin.ora@gmail.com'),
(150, 'Cassandre Purdy', 'mariela.hills@yahoo.com'),
(151, 'Trent Bayer', 'michele41@yahoo.com'),
(152, 'Camilla Schinner', 'pfeffer.wilhelmine@yahoo.com'),
(153, 'Miss Meagan Upton', 'ebert.judy@hotmail.com'),
(154, 'Coty McKenzie', 'rwaelchi@hotmail.com'),
(155, 'Lexi Emmerich MD', 'bruen.grace@hotmail.com'),
(156, 'Evans Frami', 'dashawn46@gmail.com'),
(157, 'Minerva Treutel DVM', 'lynn.carter@yahoo.com'),
(158, 'Shawna Torphy II', 'aorn@yahoo.com'),
(159, 'Walker Schmitt', 'simone70@yahoo.com'),
(160, 'Dr. Alysa Volkman II', 'katlyn.pagac@gmail.com'),
(161, 'Celestino Turner', 'mcdermott.levi@gmail.com'),
(162, 'Asha McDermott', 'lnikolaus@gmail.com'),
(163, 'Mr. Christophe O''Kon', 'celine.feil@hotmail.com'),
(164, 'Miss Maymie Becker', 'aliya.heathcote@gmail.com'),
(165, 'Kamille Koss', 'davon09@hotmail.com'),
(166, 'Mallory Blanda', 'jkuvalis@hotmail.com'),
(167, 'Ava Donnelly DDS', 'akeem31@yahoo.com'),
(168, 'Daron Harris', 'gaylord.pauline@yahoo.com'),
(169, 'Prof. Eladio Mertz', 'torrance.morissette@yahoo.com'),
(170, 'Adrienne D''Amore', 'nolan.malinda@gmail.com'),
(171, 'Daisy Prosacco', 'stone.goyette@hotmail.com'),
(172, 'Fatima King', 'rosario62@yahoo.com'),
(173, 'Jace Heidenreich', 'yfunk@gmail.com'),
(174, 'Angel Lang II', 'eichmann.keaton@gmail.com'),
(175, 'Clark Hayes', 'rollin.predovic@hotmail.com'),
(176, 'Dr. Marcelina Gutkowski IV', 'amber35@hotmail.com'),
(177, 'Rahsaan Oberbrunner I', 'elisa.crooks@yahoo.com'),
(178, 'Kurtis Gottlieb', 'ted.schultz@yahoo.com'),
(179, 'Chris Langworth', 'kessler.jaren@yahoo.com'),
(180, 'Flavie Doyle II', 'stoltenberg.wilton@hotmail.com'),
(181, 'Kasey Morar', 'stoltenberg.jeff@hotmail.com'),
(182, 'Mina Kub', 'yjacobson@gmail.com'),
(183, 'Rene Stroman', 'effertz.griffin@gmail.com'),
(184, 'Mr. Kaden Hessel', 'nschoen@yahoo.com'),
(185, 'Cristian Kuvalis', 'igutkowski@hotmail.com'),
(186, 'Myrl Kilback', 'mvon@hotmail.com'),
(187, 'Dr. Braulio Vandervort', 'quinton47@gmail.com'),
(188, 'Miss Malinda Rohan', 'ojerde@yahoo.com'),
(189, 'Lessie Dooley', 'kreiger.mariane@yahoo.com'),
(190, 'Jackson Medhurst', 'funk.kelly@hotmail.com'),
(191, 'Abigail Pfannerstill', 'bogisich.pascale@gmail.com'),
(192, 'Mrs. Elvera Robel', 'ima.bosco@hotmail.com'),
(193, 'Zita Lesch IV', 'toby62@gmail.com'),
(194, 'Hardy Connelly DVM', 'rolfson.donald@gmail.com'),
(195, 'Jo Schuster', 'aimee.bailey@gmail.com'),
(196, 'Jayne Maggio', 'tomas.ortiz@gmail.com'),
(197, 'Harry Kunze V', 'alden.o''keefe@yahoo.com'),
(198, 'Prof. Bobby Champlin', 'jemard@yahoo.com'),
(199, 'Berta Senger', 'katherine.sporer@gmail.com'),
(200, 'Mr. Colton Nolan', 'orunolfsdottir@hotmail.com'),
(201, 'Dr. Fausto Ward IV', 'christophe46@yahoo.com'),
(202, 'Jaiden Cummerata', 'jacynthe12@hotmail.com'),
(203, 'Nathan Hills', 'istokes@yahoo.com'),
(204, 'Cesar Haag', 'carmel22@gmail.com'),
(205, 'Vince Wisoky PhD', 'ferne.schaefer@hotmail.com'),
(206, 'Prof. Lennie Donnelly', 'xchamplin@yahoo.com'),
(207, 'Mr. Matteo McCullough DVM', 'trever.schmeler@hotmail.com'),
(208, 'Danial Macejkovic', 'mklocko@gmail.com'),
(209, 'Prof. Winfield Bode', 'reinhold.barton@gmail.com'),
(210, 'Prof. Talon Bernhard', 'stroman.sarina@yahoo.com'),
(211, 'Conrad Klein', 'bartell.maya@hotmail.com'),
(212, 'Brooklyn Hermiston', 'qlang@hotmail.com'),
(213, 'Heloise Howell', 'hansen.javon@hotmail.com'),
(214, 'Prof. Jensen McKenzie', 'cstoltenberg@yahoo.com'),
(215, 'Prof. Lester Gibson PhD', 'goldner.rhea@yahoo.com'),
(216, 'Rene Parisian V', 'kobe61@yahoo.com'),
(217, 'Bernadette Johnston', 'kobe24@gmail.com'),
(218, 'Grant VonRueden', 'senger.hannah@hotmail.com'),
(219, 'Miss Mariana Wisozk Sr.', 'wiza.jalyn@hotmail.com'),
(220, 'Rogelio Kozey', 'hickle.hilton@hotmail.com'),
(221, 'Prof. Jessyca Boyle', 'yessenia38@yahoo.com'),
(222, 'Max Gusikowski III', 'wkshlerin@gmail.com'),
(223, 'Holly Ratke', 'lorenz.bailey@yahoo.com'),
(224, 'Antonina Rath III', 'maria.funk@gmail.com'),
(225, 'Prof. Marcus Gerlach III', 'konopelski.brandy@hotmail.com'),
(226, 'Tommie Johnson MD', 'jacinthe.fisher@gmail.com'),
(227, 'Mr. Neal Friesen', 'zoe94@yahoo.com'),
(228, 'Vidal Keebler', 'alfredo96@gmail.com'),
(229, 'Myrtice Rogahn', 'king.alvera@yahoo.com'),
(230, 'Hans Botsford', 'lynch.kailey@hotmail.com'),
(231, 'Mr. Nathanael Grady', 'angie.jerde@hotmail.com'),
(232, 'Prof. Graham Metz DVM', 'theodore.simonis@yahoo.com'),
(233, 'Mrs. Verlie Shields', 'lemke.sedrick@gmail.com'),
(234, 'Queenie Bergstrom', 'bridget.collier@gmail.com'),
(235, 'Jena Koch PhD', 'parker.clemmie@yahoo.com'),
(236, 'Florian Stanton', 'chance84@hotmail.com'),
(237, 'Prof. Curt Kassulke PhD', 'rlang@hotmail.com'),
(238, 'Cassidy Dickinson', 'levi01@yahoo.com'),
(239, 'Katarina Kirlin', 'qflatley@yahoo.com'),
(240, 'Trisha Graham', 'lblick@yahoo.com'),
(241, 'Casey Shields', 'keeling.marlon@hotmail.com'),
(242, 'Theron Wintheiser DVM', 'giuseppe.gibson@hotmail.com'),
(243, 'Rosalinda Howe', 'spinka.omer@yahoo.com'),
(244, 'Dr. Vergie Schimmel MD', 'lang.eliza@hotmail.com'),
(245, 'Rosa Heller', 'mitchell.ceasar@yahoo.com'),
(246, 'Colton Zieme', 'minnie.senger@yahoo.com'),
(247, 'Aurelio Schulist', 'ulices.yundt@yahoo.com'),
(248, 'Demond Pagac', 'deven.feeney@gmail.com'),
(249, 'Ian Beahan III', 'ydonnelly@gmail.com'),
(250, 'Lavern Oberbrunner', 'jlang@hotmail.com'),
(251, 'Wallace Kulas', 'ankunding.lemuel@yahoo.com'),
(252, 'Jalyn Smitham', 'wrodriguez@hotmail.com'),
(253, 'Vivianne Quigley', 'zkiehn@gmail.com'),
(254, 'Kamron West', 'pauline94@hotmail.com'),
(255, 'Orin Abernathy', 'jsimonis@yahoo.com'),
(256, 'Mr. Devante Corwin IV', 'bwelch@yahoo.com'),
(257, 'Mavis Heathcote', 'casandra.heathcote@yahoo.com'),
(258, 'Rowan Harber Jr.', 'gaylord.roxane@gmail.com'),
(259, 'Miss Wanda Kling Sr.', 'rice.bertram@hotmail.com'),
(260, 'Jonathon Weissnat', 'dritchie@yahoo.com'),
(261, 'Dr. Adah Lakin III', 'berge.vita@gmail.com'),
(262, 'Dr. Nya Mosciski', 'jpurdy@hotmail.com'),
(263, 'Mrs. Jaqueline Lebsack DVM', 'olaf98@hotmail.com'),
(264, 'Ms. Whitney Maggio MD', 'marquis.hirthe@gmail.com'),
(265, 'Dr. Obie Hettinger', 'jsteuber@gmail.com'),
(266, 'Karina Jaskolski', 'ecorwin@yahoo.com'),
(267, 'Mrs. Patsy Tillman II', 'constantin.hartmann@yahoo.com'),
(268, 'Dr. Armand Murray DDS', 'nklocko@gmail.com'),
(269, 'Jackson Smith', 'florence.denesik@hotmail.com'),
(270, 'Johnnie Graham', 'funk.myrna@gmail.com'),
(271, 'Rose Hoeger V', 'chaim06@hotmail.com'),
(272, 'Jamey Hansen', 'yabernathy@hotmail.com'),
(273, 'Verdie Crona', 'letitia.windler@yahoo.com'),
(274, 'Kathlyn Sporer', 'emile.keebler@yahoo.com'),
(275, 'Lydia Gleichner', 'jherman@yahoo.com'),
(276, 'Destin Hoeger MD', 'tkoelpin@yahoo.com'),
(277, 'Gretchen McGlynn', 'emelie.ullrich@gmail.com'),
(278, 'Miss Laura Daniel', 'wcorwin@hotmail.com'),
(279, 'Garnet Torphy', 'junior.roberts@gmail.com'),
(280, 'Stacey Lesch', 'barrows.adolph@yahoo.com'),
(281, 'Dr. Lourdes Kiehn', 'mante.robin@gmail.com'),
(282, 'Ms. Brielle Mertz III', 'schneider.stacy@hotmail.com'),
(283, 'Dr. Aurore Langworth MD', 'anita.goodwin@yahoo.com'),
(284, 'Amos Daniel', 'wd''amore@hotmail.com'),
(285, 'Ms. Anabelle Morissette', 'taurean.crooks@hotmail.com'),
(286, 'Wilhelmine Doyle IV', 'swaniawski.zion@hotmail.com'),
(287, 'Prof. Corene Schaefer DVM', 'rbarton@hotmail.com'),
(288, 'Desiree Macejkovic', 'calista29@gmail.com'),
(289, 'Quentin Hudson', 'ucole@hotmail.com'),
(290, 'Marcelo Kautzer PhD', 'torrance22@hotmail.com'),
(291, 'Mrs. Litzy Gutkowski DVM', 'rleuschke@yahoo.com'),
(292, 'Dr. Rosalinda Spencer V', 'zquigley@yahoo.com'),
(293, 'Jadyn Langworth', 'helmer.sipes@gmail.com'),
(294, 'Bobbie Fritsch', 'ayana23@yahoo.com'),
(295, 'Dr. Eileen Schulist Sr.', 'kfay@gmail.com'),
(296, 'Sylvester Harris', 'johathan92@hotmail.com'),
(297, 'Jadon Streich', 'dayton60@hotmail.com'),
(298, 'Dr. Brandi White V', 'jermaine88@hotmail.com'),
(299, 'Maximilian Weissnat', 'ratke.lisandro@yahoo.com'),
(300, 'Miss Catharine Homenick', 'ndare@hotmail.com'),
(301, 'Eloy Crona', 'carlee16@hotmail.com'),
(302, 'Timmy Daugherty', 'clint60@yahoo.com'),
(303, 'Mr. Jerod Kiehn Sr.', 'cummings.daniella@yahoo.com'),
(304, 'Adelle Schultz', 'zsanford@hotmail.com'),
(305, 'Mrs. Vada Lang III', 'emetz@yahoo.com'),
(306, 'Kenna Deckow DDS', 'gilda24@yahoo.com'),
(307, 'Dr. Kallie Hand', 'lesch.lula@gmail.com'),
(308, 'Alysha Kreiger', 'griffin21@hotmail.com'),
(309, 'Merritt Buckridge', 'grady.eliane@gmail.com'),
(310, 'Mallory Cremin', 'retha.schmidt@gmail.com'),
(311, 'Dr. Darrick Rath I', 'feffertz@hotmail.com'),
(312, 'Dr. Eloy Cole V', 'lind.edison@yahoo.com'),
(313, 'Asha Prohaska', 'josiane.leannon@yahoo.com'),
(314, 'Dr. Martin Maggio', 'pframi@gmail.com'),
(315, 'Josiah Hills', 'kling.emmie@gmail.com'),
(316, 'Dagmar Parker', 'carmen.zieme@hotmail.com'),
(317, 'Kari Hoppe DDS', 'xhoppe@yahoo.com'),
(318, 'Spencer Balistreri', 'jweimann@gmail.com'),
(319, 'Sadie Morar', 'lelah.spinka@hotmail.com'),
(320, 'Maybell Schneider', 'hartmann.lempi@yahoo.com'),
(321, 'Mr. Montana Schmitt', 'kankunding@hotmail.com'),
(322, 'Wyatt Eichmann', 'cary07@gmail.com'),
(323, 'Rosemary Lindgren', 'mason46@hotmail.com'),
(324, 'Kaycee Nikolaus', 'fflatley@hotmail.com'),
(325, 'Maurice Durgan', 'volkman.noah@hotmail.com'),
(326, 'Ruby Schinner', 'maddison48@hotmail.com'),
(327, 'Dereck Ondricka Jr.', 'bergnaum.rosemarie@yahoo.com'),
(328, 'Myriam Pollich', 'alexys.beahan@hotmail.com'),
(329, 'Zella Hettinger DVM', 'vmacejkovic@gmail.com'),
(330, 'Elmira Hintz', 'liliana.heller@hotmail.com'),
(331, 'Mr. Vidal Kerluke', 'ethelyn.rippin@gmail.com'),
(332, 'Rodrick Rogahn', 'gstiedemann@gmail.com'),
(333, 'Dr. Okey Keebler V', 'erdman.willard@gmail.com'),
(334, 'Mr. Mackenzie Sporer Sr.', 'mariah21@yahoo.com'),
(335, 'Dr. Waino Kreiger DDS', 'johnpaul58@gmail.com'),
(336, 'Maegan Huel', 'mertz.bryce@hotmail.com'),
(337, 'Donavon Sporer Sr.', 'tevin.cormier@gmail.com'),
(338, 'Prof. Lenny Homenick', 'hettinger.beth@gmail.com'),
(339, 'Dr. Edward Nader IV', 'csanford@gmail.com'),
(340, 'Miss Edyth Hansen Sr.', 'crist.cameron@gmail.com'),
(341, 'Mr. Arnoldo Sawayn', 'reichert.ariane@hotmail.com'),
(342, 'Arlie Green', 'maud.gaylord@gmail.com'),
(343, 'Natalie Bartell PhD', 'wanda20@yahoo.com'),
(344, 'Alivia Schiller', 'lottie.kerluke@gmail.com'),
(345, 'Beaulah Swift', 'oolson@yahoo.com'),
(346, 'Wendell Raynor', 'hilll.camila@hotmail.com'),
(347, 'Mr. Bennie Hane', 'edwardo.hackett@hotmail.com'),
(348, 'Hosea Sanford', 'botsford.clementine@yahoo.com'),
(349, 'Kadin Grady', 'gbayer@yahoo.com'),
(350, 'Jimmy Sanford', 'bradford80@hotmail.com'),
(351, 'Brisa Feeney Sr.', 'harber.ernie@yahoo.com'),
(352, 'Eden Moore MD', 'esimonis@gmail.com'),
(353, 'Lia Simonis', 'angela.fisher@gmail.com'),
(354, 'Mark Kiehn', 'rogahn.mariam@hotmail.com'),
(355, 'Vilma Lebsack', 'dwalker@yahoo.com'),
(356, 'Dr. Viola Parisian', 'adriel53@gmail.com'),
(357, 'Miss Serenity Gleichner', 'wsmith@yahoo.com'),
(358, 'Prof. Clemmie O''Hara', 'fae12@hotmail.com'),
(359, 'Enola Gleason', 'santiago83@yahoo.com'),
(360, 'Niko Ratke', 'yundt.mariah@hotmail.com'),
(361, 'Dr. Harrison Hauck', 'lillian.jacobi@hotmail.com'),
(362, 'Noemy Conn III', 'bernier.piper@hotmail.com'),
(363, 'Cathy Bernhard IV', 'franecki.noelia@hotmail.com'),
(364, 'Ms. Kaelyn Greenfelder V', 'sonny60@gmail.com'),
(365, 'Thelma Rempel', 'cary.o''keefe@hotmail.com'),
(366, 'Junius Herzog DDS', 'leola09@gmail.com'),
(367, 'Forest Leuschke DDS', 'eileen93@yahoo.com'),
(368, 'Summer O''Kon', 'darrick.borer@hotmail.com'),
(369, 'Hubert Hintz V', 'kurt42@gmail.com'),
(370, 'Harmon Gusikowski', 'ara72@gmail.com'),
(371, 'Cade Hirthe', 'noemi.sporer@yahoo.com'),
(372, 'Isac Hessel IV', 'schuster.jany@hotmail.com'),
(373, 'Prof. Uriel Witting', 'lavinia90@gmail.com'),
(374, 'Dr. Damaris Streich Jr.', 'abarton@gmail.com'),
(375, 'Prof. Taya Gutkowski', 'jay96@hotmail.com'),
(376, 'Kirstin Rutherford', 'noemy.beahan@hotmail.com'),
(377, 'Araceli Bode', 'zschiller@yahoo.com'),
(378, 'Gregoria Rau', 'holden62@gmail.com'),
(379, 'Joel Pfeffer V', 'dianna.bahringer@hotmail.com'),
(380, 'Nelson Nienow', 'kreiger.andreanne@hotmail.com'),
(381, 'Dolly Rutherford', 'bernie.lehner@yahoo.com'),
(382, 'Mr. Terry Wiza', 'so''conner@yahoo.com'),
(383, 'Mr. Oliver Huel', 'toney26@gmail.com'),
(384, 'Ewell Raynor', 'anderson04@yahoo.com'),
(385, 'Mr. Johnpaul Kirlin', 'rosendo.turcotte@yahoo.com'),
(386, 'Monserrate Hickle', 'koelpin.garnet@hotmail.com'),
(387, 'Lea Pfeffer', 'grady.mabelle@hotmail.com'),
(388, 'Samanta Upton III', 'jolson@yahoo.com'),
(389, 'Benedict Champlin', 'lesley.koss@yahoo.com'),
(390, 'Vella Adams', 'boehm.virginie@hotmail.com'),
(391, 'Mrs. Faye Waters Jr.', 'adickens@hotmail.com'),
(392, 'Penelope Murazik', 'oroberts@gmail.com'),
(393, 'Javonte Marvin', 'toy.towne@yahoo.com'),
(394, 'Ricky Veum', 'morar.rex@gmail.com'),
(395, 'Ms. Ana Lueilwitz', 'fjacobson@hotmail.com'),
(396, 'Mrs. Willow Wiegand', 'harvey.gregorio@gmail.com'),
(397, 'Dr. Brooks Boyer', 'vada20@yahoo.com'),
(398, 'Miss Vernice Hermann', 'adriel58@hotmail.com'),
(399, 'Dr. Dakota Hagenes DDS', 'samanta.lind@gmail.com'),
(400, 'Obie Russel', 'wlangworth@gmail.com'),
(401, 'Miss Ally Braun', 'bayer.lauretta@gmail.com'),
(402, 'Prof. Kristin Grady PhD', 'skreiger@gmail.com'),
(403, 'Cameron Stracke', 'ibeatty@gmail.com'),
(404, 'Alyson Paucek', 'kunde.ulices@hotmail.com'),
(405, 'Christop Abernathy III', 'ocole@yahoo.com'),
(406, 'Ernestina Morissette', 'hkilback@gmail.com'),
(407, 'Quincy Lemke', 'will.dakota@yahoo.com'),
(408, 'Alene Casper', 'alia.crist@gmail.com'),
(409, 'Francisca Kunze', 'deshaun30@gmail.com'),
(410, 'Violet Paucek', 'marquis.schroeder@yahoo.com'),
(411, 'Nora Spencer', 'jdibbert@hotmail.com'),
(412, 'Jimmie Upton', 'rwelch@gmail.com'),
(413, 'Mr. Jeromy Pfannerstill', 'wkiehn@hotmail.com'),
(414, 'Prof. Reece Tromp', 'dach.geoffrey@gmail.com'),
(415, 'Rosamond Kozey', 'ayundt@hotmail.com'),
(416, 'Richie Altenwerth I', 'delilah.emmerich@gmail.com'),
(417, 'Adolfo Quigley', 'jadon40@gmail.com'),
(418, 'Mr. Keyon Johns', 'izaiah.hettinger@yahoo.com'),
(419, 'Prof. Francesco Oberbrunner MD', 'luettgen.gennaro@hotmail.com'),
(420, 'Prof. Violette Haley I', 'queen77@gmail.com'),
(421, 'Margaret Kilback', 'chelsey.bailey@yahoo.com'),
(422, 'Prof. Roma Reinger III', 'haag.reyna@gmail.com'),
(423, 'Josephine Douglas III', 'zakary.satterfield@gmail.com'),
(424, 'Brant Hickle', 'lubowitz.cortez@yahoo.com'),
(425, 'Jamaal McLaughlin', 'lemmerich@yahoo.com'),
(426, 'Favian Streich II', 'schulist.verla@gmail.com'),
(427, 'Anita Predovic', 'kadin.lubowitz@hotmail.com'),
(428, 'Mr. Lincoln Harris PhD', 'daniel.shyann@gmail.com'),
(429, 'Prof. Ezekiel Ebert PhD', 'priscilla32@gmail.com'),
(430, 'Barry Casper IV', 'elinor65@hotmail.com'),
(431, 'Dominic Jones', 'gerald36@yahoo.com'),
(432, 'Dr. Verdie Schamberger', 'giles.botsford@yahoo.com'),
(433, 'Tamara Kozey DDS', 'langworth.skyla@hotmail.com'),
(434, 'Mr. Elbert Rath', 'wkeeling@gmail.com'),
(435, 'Dr. Elda Paucek', 'nyasia28@gmail.com'),
(436, 'Abby Purdy', 'magdalen.koepp@gmail.com'),
(437, 'Tia Wehner', 'melvin95@gmail.com'),
(438, 'Helena Raynor III', 'emmalee37@hotmail.com'),
(439, 'Jedidiah Mitchell', 'liliane63@hotmail.com'),
(440, 'Lenna Hermiston', 'parker.estelle@yahoo.com'),
(441, 'Moshe Lynch', 'urogahn@gmail.com'),
(442, 'Mr. Blair Robel MD', 'darrel86@hotmail.com'),
(443, 'Prof. Unique Kutch', 'maufderhar@hotmail.com'),
(444, 'Ariel Kris', 'alfreda53@gmail.com'),
(445, 'Anissa Cummerata II', 'sophie65@hotmail.com'),
(446, 'Keshaun Swaniawski', 'mathew51@hotmail.com'),
(447, 'Enola Lubowitz', 'ewelch@gmail.com'),
(448, 'Miss Larissa Muller II', 'mustafa61@yahoo.com'),
(449, 'Miss Courtney Schaefer MD', 'vergie.lehner@yahoo.com'),
(450, 'Mrs. Marielle Stanton', 'jprosacco@hotmail.com'),
(451, 'Fernando Fadel', 'deckow.omari@hotmail.com'),
(452, 'Jalen Emard', 'allison87@yahoo.com'),
(453, 'Angelita Braun', 'viola.swift@yahoo.com'),
(454, 'Dock Oberbrunner', 'bbreitenberg@hotmail.com'),
(455, 'Augusta Witting', 'georgiana.emard@hotmail.com'),
(456, 'Aaron Dooley', 'angelita.farrell@yahoo.com'),
(457, 'Mrs. Vena Pollich I', 'mitchell.koepp@hotmail.com'),
(458, 'Stephanie Jerde', 'xwest@yahoo.com'),
(459, 'Dr. Agnes Romaguera', 'ugusikowski@gmail.com'),
(460, 'Lelia Schumm', 'kathryn.morissette@gmail.com'),
(461, 'Dr. Jordyn Abernathy PhD', 'streich.hayley@hotmail.com'),
(462, 'Elliott McDermott', 'vrunolfsson@yahoo.com'),
(463, 'Adelia Balistreri', 'cdickens@gmail.com'),
(464, 'Cathryn Kihn', 'rosenbaum.mario@hotmail.com'),
(465, 'Ms. Abbigail Okuneva', 'betty.block@hotmail.com'),
(466, 'Hallie Wehner Jr.', 'orutherford@gmail.com'),
(467, 'Barrett Hilll', 'chanelle98@yahoo.com'),
(468, 'Coy Gislason', 'una69@gmail.com'),
(469, 'Destini Cruickshank', 'cecelia62@yahoo.com'),
(470, 'Giovanna Gislason', 'gabrielle.nikolaus@hotmail.com'),
(471, 'Dallas Schinner DVM', 'marjolaine.beer@gmail.com'),
(472, 'Carroll Torphy III', 'dstroman@hotmail.com'),
(473, 'Miss Elyssa Gorczany', 'hermiston.jo@yahoo.com'),
(474, 'Gail Upton I', 'gibson.ross@yahoo.com'),
(475, 'Anya Powlowski II', 'eugenia.harvey@yahoo.com'),
(476, 'Isadore McLaughlin', 'conn.margret@hotmail.com'),
(477, 'Dr. Zachariah Bruen II', 'myriam.reynolds@hotmail.com'),
(478, 'Ofelia Carroll Jr.', 'nicolette17@hotmail.com'),
(479, 'Dr. Daniela Bartell', 'mann.nakia@hotmail.com'),
(480, 'Mr. Donato Denesik Sr.', 'jerde.meda@gmail.com'),
(481, 'Lucie Blick', 'alicia06@yahoo.com'),
(482, 'Nicholas Mills IV', 'gabe42@gmail.com'),
(483, 'Mrs. Lupe Strosin', 'wbeahan@gmail.com'),
(484, 'Miss Bulah Legros DDS', 'gswaniawski@hotmail.com'),
(485, 'Lisette Ferry PhD', 'braun.dewitt@gmail.com'),
(486, 'Bethany Terry', 'lemuel34@hotmail.com'),
(487, 'Mr. Paxton Ernser V', 'umiller@hotmail.com'),
(488, 'Miss Maximillia Carroll', 'alexandrine.satterfield@gmail.com'),
(489, 'Dr. Jake Durgan', 'lindsay.altenwerth@yahoo.com'),
(490, 'Mrs. Alicia Koelpin', 'owiegand@gmail.com'),
(491, 'Vern Kunde PhD', 'antone50@hotmail.com'),
(492, 'Kamren Stiedemann', 'barton.nannie@gmail.com'),
(493, 'Lloyd Stracke Jr.', 'loma08@hotmail.com'),
(494, 'Linwood Rolfson DDS', 'horacio16@gmail.com'),
(495, 'Virgie Weissnat', 'kiarra.yundt@gmail.com'),
(496, 'Dr. Abbie Runolfsson PhD', 'madge.eichmann@hotmail.com'),
(497, 'Montana Crona', 'jgreenholt@gmail.com'),
(498, 'Danny Connelly', 'marks.tyrique@yahoo.com'),
(499, 'Ona Gaylord', 'gerhard.bode@yahoo.com'),
(500, 'Baron Padberg', 'mcclure.cordell@gmail.com'),
(501, 'Enrique Olson', 'kuhn.adelia@gmail.com'),
(502, 'Cory Hahn Sr.', 'bednar.afton@yahoo.com'),
(503, 'Audrey Parisian', 'walsh.delmer@yahoo.com'),
(504, 'Sherwood Hermann DVM', 'schimmel.porter@hotmail.com'),
(505, 'Hailee Cummerata', 'esperanza78@gmail.com'),
(506, 'Jaunita Quigley', 'earlene.ullrich@hotmail.com'),
(507, 'Eleazar Romaguera PhD', 'ebert.rod@gmail.com'),
(508, 'Jany Deckow', 'hauck.newell@gmail.com'),
(509, 'Prof. Bailey Treutel V', 'uweimann@yahoo.com'),
(510, 'Mckayla Walter Sr.', 'veronica78@gmail.com'),
(511, 'Shannon Ziemann', 'kassandra.wyman@yahoo.com'),
(512, 'Zora Howe I', 'will.tanya@gmail.com'),
(513, 'Maegan Ledner', 'utremblay@hotmail.com'),
(514, 'Raymundo Durgan', 'kerluke.berenice@hotmail.com'),
(515, 'Prof. Sven Mertz III', 'emmie59@gmail.com'),
(516, 'Luella Erdman', 'norene.tillman@yahoo.com'),
(517, 'Hope Hermiston III', 'vonrueden.britney@hotmail.com'),
(518, 'Earline Renner', 'rmuller@yahoo.com'),
(519, 'Hassan Bartell', 'nkihn@gmail.com'),
(520, 'Hanna O''Conner', 'vcummings@yahoo.com'),
(521, 'Mr. Joany Pfannerstill', 'glebsack@gmail.com'),
(522, 'Yasmin Nader DVM', 'lilliana.sporer@hotmail.com'),
(523, 'Dejon Cronin', 'mollie.bayer@hotmail.com'),
(524, 'Nina Waelchi', 'norris96@gmail.com'),
(525, 'Morgan Schulist MD', 'nina.bosco@yahoo.com'),
(526, 'Brenda Gleichner', 'lindsay34@hotmail.com'),
(527, 'Dr. Haskell Kohler', 'casandra.ferry@hotmail.com'),
(528, 'Miss Herta Goodwin I', 'gust31@yahoo.com'),
(529, 'Ms. Josefina Romaguera', 'pamela48@hotmail.com'),
(530, 'Linnea Bosco', 'hailee05@yahoo.com'),
(531, 'Merl Bailey', 'graciela.torp@hotmail.com'),
(532, 'Dr. Sam Waelchi', 'verdie83@yahoo.com'),
(533, 'Prof. Jeffery Shanahan V', 'betsy.nicolas@yahoo.com'),
(534, 'Prof. Dejuan Hegmann', 'kylee.von@gmail.com'),
(535, 'Dr. Isaac McGlynn', 'epfannerstill@gmail.com'),
(536, 'Chase Heaney', 'hills.joshuah@gmail.com'),
(537, 'Shemar Windler V', 'smith.jazlyn@hotmail.com'),
(538, 'Miss Bernadine Gorczany PhD', 'bernhard.stanford@yahoo.com'),
(539, 'Gwen Gulgowski', 'myrna.moen@hotmail.com'),
(540, 'Jace Hettinger', 'fstanton@yahoo.com'),
(541, 'Eldora Huels', 'tad.schmidt@gmail.com'),
(542, 'Agustina Mosciski', 'mante.elinore@yahoo.com'),
(543, 'Brittany Heathcote', 'armando70@yahoo.com'),
(544, 'Mr. Darrel Dickens Jr.', 'deckow.spencer@hotmail.com'),
(545, 'Ilene Kohler', 'lauren.nader@yahoo.com'),
(546, 'Jay Franecki Jr.', 'yschaden@hotmail.com'),
(547, 'Prof. Gayle Towne Jr.', 'nfriesen@yahoo.com'),
(548, 'Melyna Halvorson', 'mkulas@hotmail.com'),
(549, 'Zachary Will IV', 'annie40@yahoo.com'),
(550, 'Antoinette Kling', 'jjohnson@hotmail.com'),
(551, 'Ferne Wisoky', 'bednar.jovany@hotmail.com'),
(552, 'Mariano Stokes IV', 'phuel@yahoo.com'),
(553, 'Yolanda Wisozk', 'treynolds@hotmail.com'),
(554, 'Clemens Greenfelder', 'tbaumbach@hotmail.com'),
(555, 'Kendrick Blick', 'vickie17@gmail.com'),
(556, 'Mrs. Katlynn Abshire', 'americo81@yahoo.com'),
(557, 'Zelda Marquardt DVM', 'sawayn.ed@yahoo.com'),
(558, 'Mrs. Layla Willms', 'ericka33@yahoo.com'),
(559, 'Miss Kaylin Bashirian', 'jess.rogahn@gmail.com'),
(560, 'Reanna Daugherty', 'agislason@yahoo.com'),
(561, 'Dr. Maxine Nader', 'hbayer@gmail.com'),
(562, 'Murl Wilkinson', 'stephanie27@gmail.com'),
(563, 'Avery Ward III', 'zgerhold@yahoo.com'),
(564, 'Skyla Cronin V', 'vwilkinson@gmail.com'),
(565, 'Krista Schiller MD', 'natalia24@yahoo.com'),
(566, 'Orval Pouros', 'bradly72@hotmail.com'),
(567, 'Rossie McClure Jr.', 'kieran00@gmail.com'),
(568, 'Myles Hamill', 'salma57@hotmail.com'),
(569, 'Araceli Torp II', 'gerhold.linnea@gmail.com'),
(570, 'Marty Leffler PhD', 'elton.jacobi@yahoo.com'),
(571, 'Miss Della Kuhn PhD', 'felicity.krajcik@hotmail.com'),
(572, 'Frank Moore', 'margarete61@yahoo.com'),
(573, 'Mr. Dangelo Herman', 'sibyl62@yahoo.com'),
(574, 'Miss Katherine Gaylord', 'anna.schuppe@hotmail.com'),
(575, 'Robyn Herman', 'dmclaughlin@yahoo.com'),
(576, 'Erica Kris', 'candice58@hotmail.com'),
(577, 'Ronny Lubowitz', 'ztremblay@gmail.com'),
(578, 'Trycia Dare', 'camron67@yahoo.com'),
(579, 'Annabel Towne', 'wilma28@yahoo.com'),
(580, 'Alanis Abernathy', 'rachelle89@gmail.com'),
(581, 'Ezra Wiza', 'mkunde@gmail.com'),
(582, 'Federico Littel', 'leif.crist@yahoo.com'),
(583, 'Brionna Lynch Sr.', 'judge94@yahoo.com'),
(584, 'Audrey Ortiz', 'tkutch@hotmail.com'),
(585, 'Kelly Mosciski', 'lia.o''connell@yahoo.com'),
(586, 'Prof. Maci Harris DVM', 'trycia66@hotmail.com'),
(587, 'Prof. Elisabeth Kilback', 'maximus.wyman@yahoo.com'),
(588, 'Emmitt Volkman', 'pfeffer.ansley@hotmail.com'),
(589, 'Alek Block', 'lrunte@yahoo.com'),
(590, 'Daryl Stroman', 'phermiston@yahoo.com'),
(591, 'Elenora Romaguera IV', 'jules.mclaughlin@hotmail.com'),
(592, 'Mireille Baumbach', 'eldora62@gmail.com'),
(593, 'Eloisa Pacocha', 'donnelly.liana@yahoo.com'),
(594, 'Samson Bogan', 'vwest@gmail.com'),
(595, 'Sarina Crooks', 'nikolas.glover@hotmail.com'),
(596, 'Clifford Robel II', 'conor.murray@yahoo.com'),
(597, 'Major Rice', 'langosh.candido@gmail.com'),
(598, 'Prof. Beverly Koss MD', 'ujohnston@yahoo.com'),
(599, 'Torey Pfannerstill', 'jcruickshank@gmail.com'),
(600, 'Elenora Hills', 'tiffany.ruecker@hotmail.com'),
(601, 'Chance Hills', 'smitham.kole@hotmail.com'),
(602, 'Vidal Rippin MD', 'haag.carmelo@gmail.com'),
(603, 'Clement Gutkowski', 'barton.napoleon@gmail.com'),
(604, 'Salvador Moen', 'yolanda82@gmail.com'),
(605, 'Magnolia Windler', 'amayert@gmail.com'),
(606, 'Elise Schmidt', 'clarkin@yahoo.com'),
(607, 'Lillie Kulas', 'ida.ankunding@gmail.com'),
(608, 'Alanna Gorczany', 'nitzsche.enola@yahoo.com'),
(609, 'Martin Pollich', 'schumm.amari@gmail.com'),
(610, 'Aurelie Braun', 'umorar@yahoo.com'),
(611, 'Peggie Jacobson', 'awaters@gmail.com'),
(612, 'Aracely Reilly II', 'forest32@gmail.com'),
(613, 'Roger Ledner PhD', 'ptrantow@yahoo.com'),
(614, 'Miss Alberta Frami', 'nathaniel88@gmail.com'),
(615, 'Richie Ortiz Sr.', 'colton.fay@gmail.com'),
(616, 'Eldred McCullough', 'abagail00@hotmail.com'),
(617, 'Aric Thompson', 'maci85@hotmail.com'),
(618, 'Ms. Tracy Trantow', 'hartmann.anahi@gmail.com'),
(619, 'Al Predovic Jr.', 'eladio.ziemann@hotmail.com'),
(620, 'Catherine Legros', 'marianna.reichel@gmail.com'),
(621, 'Wade Prosacco MD', 'donnell49@yahoo.com'),
(622, 'Mr. Carey Stroman I', 'anabel.nikolaus@yahoo.com'),
(623, 'Adonis Ziemann Jr.', 'mwhite@gmail.com'),
(624, 'Nathanael Lynch', 'danial41@yahoo.com'),
(625, 'Roscoe Sipes III', 'wwindler@yahoo.com'),
(626, 'Kaya Lubowitz', 'nwindler@gmail.com'),
(627, 'Eldridge Upton DDS', 'oprice@yahoo.com'),
(628, 'Jules Turner', 'blanca80@gmail.com'),
(629, 'Era Gottlieb', 'margaret84@gmail.com'),
(630, 'Edmund Grimes', 'goldner.jamison@yahoo.com'),
(631, 'Candido Schultz', 'gertrude54@hotmail.com'),
(632, 'Margret Renner', 'qrice@hotmail.com'),
(633, 'Miss Noelia Hagenes I', 'tracey.kuphal@gmail.com'),
(634, 'Dayton Steuber', 'yost.faustino@gmail.com'),
(635, 'Ulises Emmerich', 'fadel.hillary@gmail.com'),
(636, 'Billy Kautzer', 'roxanne88@hotmail.com'),
(637, 'Gabriella Runolfsdottir', 'ressie57@gmail.com'),
(638, 'Miss Mylene Becker', 'halvorson.katrina@hotmail.com'),
(639, 'Mrs. Kelli Donnelly', 'janae.sawayn@gmail.com'),
(640, 'Miss Lexie Abbott', 'kautzer.lenora@yahoo.com'),
(641, 'Margarete Lehner Jr.', 'alford.windler@hotmail.com'),
(642, 'Daniella Satterfield Jr.', 'barbara73@yahoo.com'),
(643, 'Ms. Mckayla Hyatt III', 'joany68@hotmail.com'),
(644, 'Violette Heidenreich', 'lincoln.treutel@hotmail.com'),
(645, 'Gilberto Witting', 'brenna.gorczany@yahoo.com'),
(646, 'Mrs. Annetta Zieme Jr.', 'nwalter@hotmail.com'),
(647, 'Stephen Erdman', 'elijah76@hotmail.com'),
(648, 'Kory Larson II', 'roderick01@hotmail.com'),
(649, 'Mr. Sylvester Breitenberg', 'schiller.lavern@hotmail.com'),
(650, 'Prof. Tess Batz V', 'lehner.stefanie@gmail.com'),
(651, 'Mr. Favian Hoppe', 'rosie.mccullough@yahoo.com'),
(652, 'Gust Hoppe', 'hyatt.freeda@hotmail.com'),
(653, 'Prof. Paige Zboncak I', 'lakin.damian@gmail.com'),
(654, 'Miss Ernestine Kunze', 'pwillms@gmail.com'),
(655, 'Frederic Cummings DVM', 'feil.pierre@yahoo.com'),
(656, 'Della Shanahan', 'jillian.stanton@gmail.com'),
(657, 'Dr. Clay Ruecker III', 'stamm.shanel@yahoo.com'),
(658, 'Camron McKenzie Sr.', 'lcorwin@gmail.com'),
(659, 'Eudora Hansen', 'rosenbaum.heather@hotmail.com'),
(660, 'Ms. Adriana Hermann Jr.', 'rowland.paucek@hotmail.com'),
(661, 'Eliezer Becker IV', 'volkman.keara@gmail.com'),
(662, 'Carole Nitzsche', 'cummings.cole@yahoo.com'),
(663, 'Bert Schimmel II', 'okuhlman@hotmail.com'),
(664, 'Antonetta Abernathy', 'jazlyn.pfeffer@yahoo.com'),
(665, 'Miss Brenda Blick', 'turner.valentine@hotmail.com'),
(666, 'Christy King', 'kquitzon@yahoo.com'),
(667, 'Dr. Johnson Pagac', 'marian.langosh@gmail.com'),
(668, 'Paula Schumm', 'bergnaum.tyrique@hotmail.com'),
(669, 'Dr. Armand Erdman', 'ledner.vada@gmail.com'),
(670, 'Miss Macie Mayert Jr.', 'alexandra49@yahoo.com'),
(671, 'Prof. Jaron Brown MD', 'wdaniel@hotmail.com'),
(672, 'Bethel Fritsch DDS', 'kfahey@hotmail.com'),
(673, 'Mr. Bertram McLaughlin', 'tommie64@hotmail.com'),
(674, 'Mrs. Etha Kohler DDS', 'bradly38@gmail.com'),
(675, 'Caden Morissette', 'urenner@yahoo.com'),
(676, 'Lizeth Daniel', 'walker.natasha@gmail.com'),
(677, 'Ella Kris', 'tillman.josiane@yahoo.com'),
(678, 'Jammie Hansen', 'kohler.cali@hotmail.com'),
(679, 'Isabelle Olson', 'beatty.idell@yahoo.com'),
(680, 'Seth Sauer', 'verdie90@hotmail.com'),
(681, 'Miss Evangeline Beer II', 'dibbert.bethel@yahoo.com'),
(682, 'Dakota Murazik', 'ona.trantow@yahoo.com'),
(683, 'Ms. Willie Luettgen Sr.', 'brad.howe@yahoo.com'),
(684, 'Laverne Buckridge', 'beulah.johnston@gmail.com'),
(685, 'Jerry Pfeffer', 'maria65@yahoo.com'),
(686, 'Heath Dickinson', 'juliet.leannon@gmail.com'),
(687, 'Ms. Roselyn Smitham', 'kurtis.collins@gmail.com'),
(688, 'Onie Kilback', 'ernesto.kuhic@yahoo.com'),
(689, 'Richmond Mitchell', 'west.santina@gmail.com'),
(690, 'Darrel Lang', 'auer.bertha@hotmail.com'),
(691, 'Prof. Haley O''Hara', 'xkassulke@hotmail.com'),
(692, 'Prof. Viva Schamberger DDS', 'alittel@gmail.com'),
(693, 'Martina Oberbrunner V', 'gupton@yahoo.com'),
(694, 'Prof. Sheldon Green V', 'oschulist@hotmail.com'),
(695, 'Prof. Woodrow Glover DDS', 'emcglynn@hotmail.com'),
(696, 'Catalina White', 'humberto.stanton@hotmail.com'),
(697, 'Keanu Crooks', 'cmorar@hotmail.com'),
(698, 'Dr. Calista Franecki', 'dietrich.sedrick@yahoo.com'),
(699, 'Keanu Bernier DVM', 'graciela18@yahoo.com'),
(700, 'Mrs. Vivian Shanahan IV', 'randy.kovacek@yahoo.com'),
(701, 'Alexie Hammes', 'elvera.gottlieb@hotmail.com'),
(702, 'Julia Wisozk', 'sophie.tillman@gmail.com'),
(703, 'Dr. Sage Barrows', 'qzemlak@gmail.com'),
(704, 'Prof. Chance Yundt IV', 'jettie.kihn@hotmail.com'),
(705, 'Wyman Haley', 'lue.eichmann@yahoo.com'),
(706, 'Cicero Runolfsson', 'elenora21@yahoo.com'),
(707, 'Eriberto Hilll', 'melvin.reichert@gmail.com'),
(708, 'Georgiana Bashirian DVM', 'mdare@gmail.com'),
(709, 'Dorcas Luettgen', 'morgan57@gmail.com'),
(710, 'Kathryn Waelchi', 'elwin.barrows@hotmail.com'),
(711, 'Amya Keeling', 'jadon.considine@yahoo.com'),
(712, 'Gilda Koepp', 'tierra57@hotmail.com'),
(713, 'Tate Hayes', 'gerhold.eveline@yahoo.com'),
(714, 'Elfrieda O''Conner', 'franecki.lavada@gmail.com'),
(715, 'Mrs. Eileen Sawayn DDS', 'aileen.prohaska@yahoo.com'),
(716, 'Zachery Yost', 'reinger.marcelle@hotmail.com'),
(717, 'Maudie Ernser', 'domenica.gleichner@hotmail.com'),
(718, 'Kailey Ondricka', 'marta22@gmail.com'),
(719, 'Rafaela Upton', 'lemke.charlie@gmail.com'),
(720, 'Pansy Corwin', 'johnnie81@gmail.com'),
(721, 'Dimitri Bartell', 'theodora46@hotmail.com'),
(722, 'Roxanne Nicolas', 'kuhic.antwan@gmail.com'),
(723, 'Ms. Sandrine Lowe V', 'xkirlin@yahoo.com'),
(724, 'Cruz Crooks', 'sdibbert@yahoo.com'),
(725, 'Mr. Rahul Roberts', 'vthiel@hotmail.com'),
(726, 'Prof. Maci Rolfson I', 'polly.pfeffer@gmail.com'),
(727, 'Trent Oberbrunner', 'lexi13@gmail.com'),
(728, 'Erin Wisozk', 'yhermann@hotmail.com'),
(729, 'Damion Sanford Jr.', 'vkunze@gmail.com'),
(730, 'Mr. Woodrow Koss IV', 'ledner.juliet@yahoo.com'),
(731, 'Kelsi Gleason', 'cummings.fernando@gmail.com'),
(732, 'Jaylon Prosacco IV', 'heidenreich.violet@yahoo.com'),
(733, 'Prof. Pablo Christiansen DDS', 'herman87@gmail.com'),
(734, 'Prof. Alisa Murphy Jr.', 'maurine83@yahoo.com'),
(735, 'Dr. Enola Lebsack III', 'stefan.monahan@gmail.com'),
(736, 'Miss Jannie Mohr DVM', 'jett.hoppe@hotmail.com'),
(737, 'Ms. Brigitte Hammes III', 'alysson.beahan@yahoo.com'),
(738, 'Alejandrin Connelly', 'edgar.oberbrunner@yahoo.com'),
(739, 'Prof. Kareem Heathcote III', 'dicki.hilton@gmail.com'),
(740, 'Terrance Marvin', 'umayer@hotmail.com'),
(741, 'Alessandro Daugherty', 'erik.oberbrunner@gmail.com'),
(742, 'Minnie Trantow', 'schinner.ashly@gmail.com'),
(743, 'Dominique Wisoky', 'green.fabiola@yahoo.com'),
(744, 'Tyree Kunde', 'abeer@hotmail.com'),
(745, 'Therese Heathcote', 'don61@yahoo.com'),
(746, 'Ole Conroy PhD', 'ivah75@yahoo.com'),
(747, 'Scottie Funk', 'zo''kon@gmail.com'),
(748, 'Eleanore Green', 'sharvey@hotmail.com'),
(749, 'Kip Bailey Jr.', 'cindy00@gmail.com'),
(750, 'Mr. Otis Gutkowski V', 'luisa.kshlerin@yahoo.com'),
(751, 'Prof. Cali Wintheiser', 'bechtelar.muriel@hotmail.com'),
(752, 'Finn Cummerata', 'abecker@hotmail.com'),
(753, 'Ms. Breana McKenzie PhD', 'pcrona@gmail.com'),
(754, 'Dawn Upton', 'will.jay@hotmail.com'),
(755, 'Phoebe Emmerich', 'gibson.emery@gmail.com'),
(756, 'Gilberto Lowe', 'balistreri.evalyn@gmail.com'),
(757, 'Cody Nitzsche', 'nathanial.hyatt@yahoo.com'),
(758, 'Geovanny Will DDS', 'ikemmer@hotmail.com'),
(759, 'Ms. Suzanne Klein', 'hilario04@hotmail.com'),
(760, 'Prof. Frankie Ritchie V', 'jodie39@gmail.com'),
(761, 'Marcelina Bogisich', 'norval.eichmann@yahoo.com'),
(762, 'Dr. Jordy Willms PhD', 'ifadel@gmail.com'),
(763, 'Prof. Eva Flatley', 'quinn.kris@gmail.com'),
(764, 'Dr. Marisol Pollich', 'morgan95@hotmail.com'),
(765, 'Charlotte Kihn', 'harrison61@gmail.com'),
(766, 'Willy Cummerata', 'urban.emard@yahoo.com'),
(767, 'Laury Crist', 'candice.sporer@yahoo.com'),
(768, 'Mr. Sydney Purdy DVM', 'elva.mcclure@hotmail.com'),
(769, 'Chase Welch V', 'feil.bennie@yahoo.com'),
(770, 'Jannie Goyette II', 'maryse57@gmail.com'),
(771, 'Mrs. Myriam Schiller', 'laverna48@gmail.com'),
(772, 'Mr. Cleo Cruickshank I', 'shanahan.janiya@gmail.com'),
(773, 'Prof. Ethel Cummings DVM', 'heaven.padberg@gmail.com'),
(774, 'Amina Gleason', 'lorine.barton@yahoo.com'),
(775, 'Cathryn Larson', 'crooks.jordane@gmail.com'),
(776, 'Ms. Antonietta Price', 'iheller@hotmail.com'),
(777, 'Prof. Ashlynn Swift II', 'mgoldner@yahoo.com'),
(778, 'Imani Hand', 'rudy11@gmail.com'),
(779, 'Lilyan Greenfelder PhD', 'towne.marcos@gmail.com'),
(780, 'Elbert Lockman', 'watsica.arlie@gmail.com'),
(781, 'Maximillian Mayert', 'langosh.laurianne@hotmail.com'),
(782, 'Wiley Kuphal', 'loma.tremblay@gmail.com'),
(783, 'Sage Kuphal', 'dina.wyman@gmail.com'),
(784, 'Baylee Boehm', 'antonio89@hotmail.com'),
(785, 'Dr. Jordyn Kuhn', 'pagac.tillman@yahoo.com'),
(786, 'Oswald Barrows', 'xstehr@hotmail.com'),
(787, 'Rocio Williamson', 'quincy04@hotmail.com'),
(788, 'Mr. Rickie Stokes', 'kunde.gia@yahoo.com'),
(789, 'Mr. Bernard Emmerich V', 'dell.hartmann@yahoo.com'),
(790, 'Jacklyn Mitchell', 'allen.gleichner@hotmail.com'),
(791, 'Tad Raynor', 'santina.kihn@hotmail.com'),
(792, 'Reyes Purdy', 'wuckert.precious@hotmail.com'),
(793, 'Nasir Kassulke MD', 'yoshiko.cormier@yahoo.com'),
(794, 'Jamil Schowalter', 'glenna.mayert@yahoo.com'),
(795, 'Lewis Mueller', 'bridgette.bode@yahoo.com'),
(796, 'Prof. Remington Collier', 'theathcote@gmail.com'),
(797, 'Ms. Cindy Huel Jr.', 'demarco.cummings@hotmail.com'),
(798, 'Mariane Altenwerth PhD', 'dickinson.holden@gmail.com'),
(799, 'Merritt Boyle', 'claire98@yahoo.com'),
(800, 'Jesus Ratke', 'stephania.brown@hotmail.com'),
(801, 'Max Crooks', 'furman67@gmail.com'),
(802, 'Ricardo Zemlak', 'kmitchell@yahoo.com'),
(803, 'Maudie Mante', 'ngutkowski@yahoo.com'),
(804, 'Jerad Hartmann', 'jerry54@gmail.com'),
(805, 'Alexa Von', 'abbott.odell@hotmail.com'),
(806, 'Prof. Abdiel Dickens', 'wbrown@gmail.com'),
(807, 'Mr. Bruce Effertz', 'xterry@yahoo.com'),
(808, 'Eve Cormier', 'yhegmann@gmail.com'),
(809, 'Neil Haley', 'adrain.fritsch@yahoo.com'),
(810, 'Mr. Lemuel Lubowitz', 'nkoepp@yahoo.com'),
(811, 'Mr. Danny Feil I', 'jennings.buckridge@yahoo.com'),
(812, 'Easton Bogan', 'rdeckow@gmail.com'),
(813, 'Dr. Mayra Schneider', 'ckulas@yahoo.com'),
(814, 'Retta Shields', 'zkiehn@gmail.com'),
(815, 'Marjory Konopelski', 'wlarkin@yahoo.com'),
(816, 'Prof. Lexi Gibson Jr.', 'garth69@yahoo.com'),
(817, 'Gisselle Bode', 'margot66@hotmail.com'),
(818, 'Bethel Goldner', 'aterry@gmail.com'),
(819, 'Blanca Rolfson', 'koelpin.steve@yahoo.com'),
(820, 'Devyn Hintz', 'stroman.kaley@yahoo.com'),
(821, 'Prof. Obie Haag', 'ilebsack@hotmail.com'),
(822, 'Golda Luettgen', 'elise.mueller@gmail.com'),
(823, 'Mr. Buck Runolfsson IV', 'dickinson.juana@hotmail.com'),
(824, 'Terrence Orn', 'fstracke@gmail.com'),
(825, 'Ms. Edwina White DVM', 'rschamberger@gmail.com'),
(826, 'Erich Metz', 'ziemann.ashlee@gmail.com'),
(827, 'Corene Murray', 'christelle26@yahoo.com'),
(828, 'Mrs. Nelda Krajcik DVM', 'susanna.mohr@hotmail.com'),
(829, 'Mr. Jaden Armstrong I', 'fabiola.cummerata@yahoo.com'),
(830, 'Oral Will', 'timmy62@gmail.com'),
(831, 'Dr. Hermina Lynch', 'jermaine.hoeger@yahoo.com'),
(832, 'Mr. Golden Cartwright', 'labadie.lisette@gmail.com'),
(833, 'Karley Cummerata I', 'samson.haag@hotmail.com'),
(834, 'Elvis Kunde', 'cronin.edgar@hotmail.com'),
(835, 'Eileen Crona DDS', 'hansen.joanne@hotmail.com'),
(836, 'Maye Streich MD', 'veum.margot@yahoo.com'),
(837, 'Nathanial Bernier PhD', 'gudrun.bailey@yahoo.com'),
(838, 'Adam Runolfsson', 'runolfsson.jayda@gmail.com'),
(839, 'Jo Kassulke IV', 'tomas.abshire@hotmail.com'),
(840, 'Addison Schamberger', 'aimee.luettgen@gmail.com'),
(841, 'Ms. Annamae Lemke DVM', 'xcasper@gmail.com'),
(842, 'Elise Cole', 'von.janet@yahoo.com'),
(843, 'Kaylie Hartmann IV', 'emie.moen@hotmail.com'),
(844, 'Mr. Tate Cummerata', 'zakary.dach@gmail.com'),
(845, 'Jamil Kihn', 'guillermo.rutherford@yahoo.com'),
(846, 'Alexandria Christiansen', 'moriah03@yahoo.com'),
(847, 'Harmon Bernhard', 'annalise34@hotmail.com'),
(848, 'Claudine Marks I', 'smith.milo@gmail.com'),
(849, 'Mrs. Lavonne Conroy', 'karson85@hotmail.com'),
(850, 'Marcel Schaden', 'anjali.thompson@gmail.com'),
(851, 'Dr. Ignatius VonRueden', 'ratke.adeline@yahoo.com'),
(852, 'Joyce Wisozk', 'alek.koch@hotmail.com'),
(853, 'Miss Lupe Murphy IV', 'durward16@yahoo.com'),
(854, 'Prof. Craig Mosciski IV', 'jazmyn.cummerata@yahoo.com'),
(855, 'Mr. Angus Friesen', 'paul.schaden@yahoo.com'),
(856, 'Price Orn Jr.', 'brooklyn77@yahoo.com'),
(857, 'Bryon Schimmel IV', 'monahan.andy@yahoo.com'),
(858, 'Lambert Crooks', 'alta.hayes@yahoo.com'),
(859, 'Mr. Elbert Herzog DVM', 'wmills@yahoo.com'),
(860, 'Annamae Rosenbaum', 'crist.emile@yahoo.com'),
(861, 'Trenton Raynor', 'brian03@yahoo.com'),
(862, 'Telly Cartwright', 'osinski.weston@yahoo.com'),
(863, 'Dr. Macy Nikolaus', 'judson.moore@yahoo.com'),
(864, 'Adrain Dickinson', 'volkman.gwen@yahoo.com'),
(865, 'Ms. Rosetta Mueller', 'rupert05@gmail.com'),
(866, 'Allison Veum', 'allie38@hotmail.com'),
(867, 'Bertha Nader', 'gerard.daugherty@gmail.com'),
(868, 'Preston Doyle', 'aaron06@gmail.com'),
(869, 'Deontae Ankunding', 'linda.weimann@gmail.com'),
(870, 'Rick Schimmel I', 'bradley.ziemann@gmail.com'),
(871, 'America Smith', 'trever.stracke@yahoo.com'),
(872, 'Rickey Schmitt', 'reichel.hillary@gmail.com'),
(873, 'Mrs. Dejah Frami', 'domenico88@hotmail.com'),
(874, 'Yesenia O''Keefe II', 'jessika19@gmail.com'),
(875, 'Kamryn Renner', 'anastacio62@yahoo.com'),
(876, 'Alek Langosh', 'keira53@hotmail.com'),
(877, 'Ricky Grady', 'yconn@gmail.com'),
(878, 'Morgan Miller DDS', 'stephania36@yahoo.com'),
(879, 'Timothy Huels I', 'barney.berge@yahoo.com'),
(880, 'Prof. Marcel Pouros', 'mkreiger@gmail.com'),
(881, 'Gilbert Dare', 'amelie.mayert@yahoo.com'),
(882, 'Kaleb Johnson', 'bernie.metz@yahoo.com'),
(883, 'Shayna Rath', 'swaniawski.myriam@hotmail.com'),
(884, 'Twila Gleichner', 'hturner@hotmail.com'),
(885, 'Liana Kulas III', 'hattie11@yahoo.com'),
(886, 'Reilly Shields', 'xklein@hotmail.com'),
(887, 'Mrs. Maggie McGlynn Sr.', 'cleveland.barrows@hotmail.com'),
(888, 'Jayson Oberbrunner', 'wilson15@yahoo.com'),
(889, 'Justina Funk', 'daniella22@hotmail.com'),
(890, 'Sophie Christiansen', 'vkuhic@hotmail.com'),
(891, 'Prof. Adelia Abshire PhD', 'kristina.treutel@hotmail.com'),
(892, 'Ettie Champlin V', 'antonietta17@gmail.com'),
(893, 'Miss Lucy Greenholt', 'sbrown@gmail.com'),
(894, 'Amalia Shields', 'raymundo52@hotmail.com'),
(895, 'Zion Lesch', 'keaton78@hotmail.com'),
(896, 'Bradford Ward', 'jimmy68@yahoo.com'),
(897, 'Jeramy Yundt', 'irwin43@gmail.com'),
(898, 'Renee Kuhlman', 'jgrady@hotmail.com'),
(899, 'Prof. Josh Cummings', 'garret.morissette@yahoo.com'),
(900, 'Gladys West', 'wharber@hotmail.com'),
(901, 'Mr. Cleo O''Conner III', 'smitham.grace@yahoo.com'),
(902, 'Danial Padberg', 'nicolas.gino@hotmail.com'),
(903, 'Giuseppe Erdman', 'augustine79@yahoo.com'),
(904, 'Carole Metz', 'bernier.javier@gmail.com'),
(905, 'Monte McCullough', 'queen.mccullough@hotmail.com'),
(906, 'Lambert Kessler DDS', 'marcelo.nitzsche@hotmail.com'),
(907, 'Nickolas Sipes', 'zaria.kunze@hotmail.com'),
(908, 'Tressie Swift', 'arvel.deckow@gmail.com'),
(909, 'Sandy Breitenberg', 'vpadberg@gmail.com'),
(910, 'Prof. Sheila Braun MD', 'missouri70@hotmail.com'),
(911, 'Amber Littel DDS', 'baby86@yahoo.com'),
(912, 'Justina Gulgowski', 'hodkiewicz.miller@gmail.com'),
(913, 'Hildegard Cummerata V', 'hamill.alysson@gmail.com'),
(914, 'Jackson Koch', 'tatum89@gmail.com'),
(915, 'Carley Abshire', 'hillard64@yahoo.com'),
(916, 'Mrs. Esta Williamson', 'alfonso07@hotmail.com'),
(917, 'Kenna Lockman PhD', 'teresa08@gmail.com'),
(918, 'Prof. Oscar Nitzsche DDS', 'nienow.jerrold@yahoo.com'),
(919, 'Rebeca Conroy DVM', 'kautzer.ernie@yahoo.com'),
(920, 'Jaylon Lang', 'west.linnea@gmail.com'),
(921, 'Dr. Jettie Crona', 'gayle.robel@gmail.com'),
(922, 'Prof. Casandra Goldner MD', 'kiel.bins@hotmail.com'),
(923, 'Ettie Reinger', 'letitia77@gmail.com'),
(924, 'Brooklyn Waters', 'mmoore@hotmail.com'),
(925, 'Alba Graham', 'matilde67@gmail.com'),
(926, 'Dr. Berta Sipes', 'cschroeder@gmail.com'),
(927, 'Warren Ziemann', 'ihuel@hotmail.com'),
(928, 'Roderick Bartell', 'boyer.jeffrey@gmail.com'),
(929, 'Javon Williamson', 'ssimonis@gmail.com'),
(930, 'Alverta Kuphal Jr.', 'wkassulke@gmail.com'),
(931, 'Jan Stroman MD', 'tklein@yahoo.com'),
(932, 'Jewell Nicolas', 'nicolas.sid@yahoo.com'),
(933, 'Consuelo Feeney', 'pwilderman@gmail.com'),
(934, 'Dane Schroeder', 'marcella.price@gmail.com'),
(935, 'Andreane Murray', 'elvis65@yahoo.com'),
(936, 'Bridget Orn', 'leopoldo93@hotmail.com'),
(937, 'Dr. Garret O''Connell Sr.', 'zetta71@gmail.com'),
(938, 'Raymundo Ruecker', 'carley95@hotmail.com'),
(939, 'Al Schneider', 'zbraun@gmail.com'),
(940, 'Clarissa Batz', 'mmurray@hotmail.com'),
(941, 'Carolina Block', 'hope50@hotmail.com'),
(942, 'Barton McGlynn', 'schoen.josh@yahoo.com'),
(943, 'Vern Gislason', 'bobby38@hotmail.com'),
(944, 'Augustus Hauck', 'qrolfson@gmail.com'),
(945, 'Mr. Brain McGlynn DDS', 'kunde.eldridge@yahoo.com'),
(946, 'Darwin Jaskolski', 'nienow.andrew@yahoo.com'),
(947, 'Ettie Cormier', 'hondricka@yahoo.com'),
(948, 'Obie Mohr II', 'yasmeen29@hotmail.com'),
(949, 'Percy Witting MD', 'maggio.tremaine@hotmail.com'),
(950, 'Nicklaus Wunsch', 'sheidenreich@yahoo.com'),
(951, 'Mr. Solon Aufderhar', 'jaiden99@hotmail.com'),
(952, 'Miss Cydney Emmerich', 'brandy21@gmail.com'),
(953, 'Davion Becker', 'hertha.feeney@gmail.com'),
(954, 'Ramona Ankunding', 'abbott.abagail@hotmail.com'),
(955, 'Lennie Wintheiser', 'haag.terrill@gmail.com'),
(956, 'Filiberto Johnston', 'rabshire@hotmail.com'),
(957, 'Kenyon Hilpert', 'demetrius01@yahoo.com'),
(958, 'Domingo Boehm V', 'elvie68@hotmail.com'),
(959, 'Mr. Rusty Stanton III', 'hgrant@hotmail.com'),
(960, 'Dr. Dallas O''Conner', 'schaden.emmanuel@yahoo.com'),
(961, 'Claudia Batz', 'crawford81@yahoo.com'),
(962, 'Perry Lehner', 'smith.brandt@gmail.com'),
(963, 'Otis Kihn', 'sebastian.boyle@hotmail.com'),
(964, 'Nia Stehr', 'hmaggio@hotmail.com'),
(965, 'Karina Larkin', 'anjali.hammes@gmail.com'),
(966, 'Marquise Jacobi V', 'wallace.reinger@gmail.com'),
(967, 'Pierce Ruecker', 'jonatan44@hotmail.com'),
(968, 'Fae Rau MD', 'halie75@hotmail.com'),
(969, 'Mr. Okey Johnston', 'wunsch.pink@hotmail.com'),
(970, 'Kyla Nolan', 'djohns@hotmail.com'),
(971, 'Winston Veum', 'zulauf.verner@hotmail.com'),
(972, 'Dr. Wilfrid Schamberger II', 'rrosenbaum@gmail.com'),
(973, 'Audie Halvorson', 'prohaska.jacquelyn@hotmail.com'),
(974, 'Titus Jacobson', 'xbayer@yahoo.com'),
(975, 'Melany Corwin', 'kris.jena@hotmail.com'),
(976, 'Joanne Runolfsdottir DVM', 'thaddeus.bartell@hotmail.com'),
(977, 'Carroll Turner', 'mills.abdiel@hotmail.com'),
(978, 'Timmy Torp', 'swaniawski.iliana@gmail.com'),
(979, 'Benedict Legros', 'o''connell.dedrick@yahoo.com'),
(980, 'Shania Jacobs I', 'hcummings@gmail.com'),
(981, 'Grayce Oberbrunner', 'yadira.senger@gmail.com'),
(982, 'Ibrahim Christiansen', 'ortiz.miller@hotmail.com'),
(983, 'Lue Gulgowski DDS', 'nbatz@hotmail.com'),
(984, 'Kelsi Hackett', 'hamill.ahmad@hotmail.com'),
(985, 'Jermey Prohaska', 'aryanna.wolf@hotmail.com'),
(986, 'Kellen Dickens I', 'connelly.elsa@gmail.com'),
(987, 'Margarete Pollich', 'zwalsh@hotmail.com'),
(988, 'Pablo Bailey', 'kassulke.hailie@yahoo.com'),
(989, 'Jayce Brown PhD', 'kevin.parker@yahoo.com'),
(990, 'Dr. Geovanni Kuhic', 'pschimmel@yahoo.com'),
(991, 'Mason Schimmel', 'kassulke.kolby@yahoo.com');
INSERT INTO `register` (`id`, `nama`, `email`) VALUES
(992, 'Jefferey Wiza', 'iharris@gmail.com'),
(993, 'Alanna Tillman', 'tlakin@yahoo.com'),
(994, 'Katharina O''Reilly', 'charlene.jakubowski@gmail.com'),
(995, 'Dr. Virgil Carter IV', 'karmstrong@gmail.com'),
(996, 'Ms. Laurianne Mohr', 'okovacek@hotmail.com'),
(997, 'Dr. Kim Pacocha V', 'pfannerstill.marques@yahoo.com'),
(998, 'Prof. Harley Thiel PhD', 'hal98@yahoo.com'),
(999, 'Aglae Carter III', 'crystel25@hotmail.com'),
(1000, 'Cassie Tillman', 'xmaggio@yahoo.com');

-- --------------------------------------------------------

--
-- Table structure for table `tb_agama`
--

CREATE TABLE `tb_agama` (
  `id_agama` int(2) NOT NULL,
  `agama` varchar(20) NOT NULL
) ENGINE=InnoDB DEFAULT CHARSET=latin1;

--
-- Dumping data for table `tb_agama`
--

INSERT INTO `tb_agama` (`id_agama`, `agama`) VALUES
(2, 'Islam'),
(3, 'Kristen'),
(4, 'budha'),
(5, 'Katholik'),
(6, 'Protestan');

-- --------------------------------------------------------

--
-- Table structure for table `tb_anggota`
--

CREATE TABLE `tb_anggota` (
  `id_anggota` varchar(11) NOT NULL,
  `kode_kartu` varchar(100) NOT NULL,
  `nama` varchar(100) NOT NULL,
  `id_kelas` int(2) NOT NULL,
  `id_agama` int(2) NOT NULL,
  `jenis_kelamin` enum('L','P') NOT NULL,
  `hp` varchar(15) NOT NULL,
  `alamat` text NOT NULL,
  `ket` text NOT NULL
) ENGINE=InnoDB DEFAULT CHARSET=latin1;

--
-- Dumping data for table `tb_anggota`
--

INSERT INTO `tb_anggota` (`id_anggota`, `kode_kartu`, `nama`, `id_kelas`, `id_agama`, `jenis_kelamin`, `hp`, `alamat`, `ket`) VALUES
('ANGG000001', 'X MM A 01', 'Adelya Putri Andriyani Said', 27, 2, 'P', '*****', 'jln.', 'Siswa peminjam'),
('ANGG000002', 'X MM A 02', 'Suryanti', 27, 2, 'P', '*****', 'Jln.', 'Siswa Peminjam'),
('ANGG000003', 'X MM A 03', 'Nurul Fatimah', 27, 2, 'P', '*****', 'jln', 'Siswa peminjam'),
('ANGG000004', 'X MM A 04', 'Abdul Rahman. S', 27, 2, 'P', '*****', 'jln', 'Siswa Peminjam'),
('ANGG000005', 'X MM A 05', 'Dela Ariani', 27, 2, 'P', '*****', 'Jln', 'Siswa Peminjam'),
('ANGG000006', 'X MM A 06', 'Yeni', 27, 2, 'P', '*****', 'jln', 'Siswa Peminjam'),
('ANGG000007', 'X MM A 07', 'Melda', 27, 2, 'P', '*****', 'Jln', 'Siswa Peminjam'),
('ANGG000008', 'X RPL A 01', 'Inggit Yulianti Ayu.s', 36, 2, 'P', '*****', 'Jln', 'Siswa Peminjam'),
('ANGG000009', 'X RPL A 02', 'Apriel Saksabil Jibran', 36, 2, 'P', '*****', 'Jln', 'Siswa Peminjam'),
('ANGG000010', 'X MM C 01', 'Arman Saputra', 29, 2, 'L', '*****', 'Jln', 'Siswa Peminjam'),
('ANGG000011', 'X MM C 02', 'Selvina', 29, 2, 'P', '*****', 'Jln', 'Siswa Peminjam'),
('ANGG000012', 'X MM C 03', 'Wd. Nuraeni', 29, 2, 'P', '*****', 'Jln', 'Siswa Peminjam'),
('ANGG000013', 'X MM C 04', 'Nur Elma Saputri', 29, 2, 'P', '*****', 'Jln ', 'Siswa Peminjam'),
('ANGG000014', 'X MM C 05', 'Anna Srianingsih', 29, 2, 'P', '*****', 'Jln.', 'Siswa Peminjam'),
('ANGG000015', 'X MM C 06', 'Nanda Srianingsih', 29, 2, 'P', '*****', 'Jln', 'Siswa Peminjam'),
('ANGG000016', 'X MM C 07', 'Safira Ramadhani', 29, 2, 'L', '*****', 'JLN', 'Siswa Peminjam'),
('ANGG000017', 'X MM C 08', 'Muh. Syahdillah Rais Randa Jaya .A', 29, 2, 'L', '*****', 'Jln', 'Siswa Peminjam'),
('ANGG000018', 'X MM C 09', 'Sawaludin', 29, 2, 'L', '*****', 'Jln', 'Siswa Peminjam'),
('ANGG000019', 'X MM C 10', 'Ld. Muhammad Jufrianto. J', 29, 2, 'L', '*****', 'Jln', 'Siswa Peminjam'),
('ANGG000020', 'X MM C 11', 'Anhiya Dwiandia', 29, 2, 'P', '*****', 'Jln', 'Siswa Peminjam'),
('ANGG000021', 'X RPL C 01', 'Sri Amayda', 56, 2, 'P', '*****', 'Jln', 'Siswa Peminjam'),
('ANGG000022', 'X RPL C 02', 'Alya Putri H', 56, 2, 'P', '*****', 'Jln', 'Siswa Peminjam'),
('ANGG000023', 'X RPL C 03', 'Nur Aqifa', 56, 2, 'P', '*****', 'Jln', 'Siswa Peminjam'),
('ANGG000024', 'X RPL C 04', 'Edgar Hari', 56, 2, 'L', '*****', 'Jln', 'Siswa Peminjam'),
('ANGG000025', 'X RPL C 05', 'Zuny Muliansri', 56, 2, 'P', '*****', 'Jln', 'Siswa Peminjam'),
('ANGG000026', 'X RPL C 06', 'Desi Marliana', 56, 2, 'P', '*****', 'Jln', 'Siswa Peminjam'),
('ANGG000027', 'X RPL C 07', 'Nur Hafilzah', 56, 2, 'L', '*****', 'Jln', 'Siswa Peminjam'),
('ANGG000028', 'X RPL C 08', 'Andini Ekaputri', 56, 2, 'P', '*****', 'Jln', 'Siswa Peminjam'),
('ANGG000029', 'X RPL C 09', 'Nur Alfitrah', 56, 2, 'P', '*****', 'Jln', 'Siswa Peminjam'),
('ANGG000030', 'X RPL C 10', 'Herniati', 56, 2, 'P', '*****', 'Jln', 'Siswa Peminjam'),
('ANGG000031', 'X RPL C 11', 'Nina Meilya Malide', 56, 2, 'P', '*****', 'Jln', 'Siswa Peminjam'),
('ANGG000032', 'X TKJ A 01', 'Hutri Hasana Nuraini', 24, 2, 'P', '*****', 'Jln', 'Siswa Peminjam'),
('ANGG000033', 'X Animasi 01', 'Elsa Arisma Ariani', 55, 2, 'P', '*****', 'Jln ', 'Siswa Peminjam'),
('ANGG000034', 'X Animasi 02', 'Muh Nur Af''al Assydik PG.Maroa', 55, 2, 'L', '*****', 'Jln ', 'Siswa Peminjam'),
('ANGG000035', 'X Animasi 03', 'Isral Afriandy', 55, 2, 'L', '*****', 'Jln', 'Siswa Peminjam'),
('ANGG000036', 'X Animasi 04', 'Ramadhika Nevville', 55, 2, 'L', '*****', 'Jln', 'Siswa Peminjam'),
('ANGG000037', 'X Animasi 05', 'Wahyu Anas Ramadhan', 55, 2, 'L', '*****', 'Jln', 'Siswa Peminjam'),
('ANGG000038', 'X Animasi 06', 'Lisna Afrianty', 55, 2, 'P', '*****', 'Jln', 'Siswa Peminjam'),
('ANGG000039', 'X TKJ A 02', 'Phita Indriani', 24, 2, 'P', '*****', 'Jln', 'Siswa Peminjam'),
('ANGG000040', 'X TKJ A 03', 'ABD. Razak Barakati', 24, 2, 'L', '*****', 'Jln', 'Siswa Peminjam'),
('ANGG000041', 'X TKJ A 04', 'Citra Gita Lestrai', 24, 2, 'P', '081527822601', 'Jln Manugal', 'Siswa Peminjam'),
('ANGG000042', 'X TKJ A 05', 'Yuyun Ilmiyani', 24, 2, 'P', '*****', 'Jln', 'Siswa Peminjam'),
('ANGG000043', 'X TKJ A 06', 'Nurma Ningsih', 24, 2, 'P', '*****', 'Jln', 'Siswa Peminjam'),
('ANGG000044', 'X TKJ A 07', 'Puput Rahma Wati', 24, 2, 'P', '*****', 'Jln', 'Siswa Peminjam'),
('ANGG000045', 'X RPL A 03', 'Arta Puspita', 36, 2, 'L', '*****', 'Jln', 'Siswa Peminjam'),
('ANGG000046', 'X DKV A 01', 'Agis Azzahra', 30, 2, 'P', '*****', 'Jln', 'Siswa Peminjam'),
('ANGG000047', 'X RPL C 12', 'Fitriani', 56, 2, 'P', '*****', 'Jln', 'Siswa Peminjam'),
('ANGG000048', 'X MM A 08', 'Askarina', 27, 2, 'P', '*****', 'Jln', 'Siswa Peminjam'),
('ANGG000049', 'X DKV B 01', 'Nur Ramdhani', 31, 2, 'L', '*****', 'Jln', 'Siswa Peminjam'),
('ANGG000050', 'X TKJ B 01', 'Ifontia Amanda', 25, 2, 'P', '*****', 'Jln', 'Siswa Peminjam'),
('ANGG000051', 'X KT B 01', 'Putri Nur Rahma', 34, 2, 'P', '*****', 'Jln', 'Siswa Peminjam'),
('ANGG000052', 'X KT B 02', 'Siti Nur Anisya Dea Pati', 34, 2, 'P', '*****', 'Jln', 'Siswa Peminjam'),
('ANGG000053', 'X KT B 03', 'Sri Endans', 34, 2, 'P', '*****', 'Jln', 'Siswa Peminjam'),
('ANGG000054', 'X KT B 04', 'Nurlian', 34, 2, 'P', '*****', 'Jln', 'Siswa Peminjam'),
('ANGG000055', 'X KT B 05', 'Juni', 34, 2, 'P', '*****', 'Jln', 'Siswa Peminjam'),
('ANGG000056', 'X MM B 01', 'Muh Juliansyah', 28, 2, 'L', '*****', 'Jln', 'Siswa Peminjam'),
('ANGG000057', 'X MM B 02', 'Revi Kurniawan', 28, 2, 'L', '*****', 'Jln', 'Siswa Peminjam'),
('ANGG000058', 'X Animasi 07', 'Syakira Nabila', 55, 2, 'P', '*****', 'Jln', 'Siswa Peminjam'),
('ANGG000060', ' X KT A 01', 'Rini Andriani', 33, 2, 'P', '*****', 'Jln', 'Siswa Peminjam'),
('ANGG000061', 'X KT A 02', 'Adel Fitnarni', 33, 2, 'P', '*****', 'Jln', 'Siswa Peminjam'),
('ANGG000062', 'X KT A 03', 'Tegar Fathur Pratama', 33, 2, 'L', '*****', 'Jln', 'Siswa Peminjam'),
('ANGG000063', 'X KT A 04', 'Hilalayanti Rakhinah', 33, 2, 'P', '*****', 'Jln ', 'Siswa Peminjam'),
('ANGG000064', 'X KT A 05', 'Heldayanti Rathilah', 33, 2, 'P', '*****', 'Jln', 'Siswa Peminjam'),
('ANGG000065', 'X KT A 06', 'Dista Widiyawati', 33, 2, 'P', '*****', 'Jln', 'Siswa Peminjam'),
('ANGG000066', 'X KT A 07', 'Preti Angraini', 33, 2, 'P', '*****', 'Jln', 'Siswa Peminjam'),
('ANGG000067', 'X KT A 08', 'Nurfauziah Azhar', 33, 2, 'P', '*****', 'Jln', 'Siswa Peminjam'),
('ANGG000068', 'X KT A 09', 'Annisa Maharani', 33, 2, 'P', '*****', 'Jln', 'Siswa Peminjam'),
('ANGG000069', 'X KT A 10', 'Mukmainnah', 33, 2, 'P', '*****', 'Jln ', 'Siswa Peminjam'),
('ANGG000070', 'X KT A 11', 'Ulmina Marhaban', 33, 2, 'P', '*****', 'Jln', 'Siswa Peminjam'),
('ANGG000071', 'X KT A 12', 'Dita', 33, 2, 'P', '*****', 'Jln', 'Siswa Peminjam'),
('ANGG000072', 'X KT A 13', 'Devi', 33, 2, 'P', '*****', 'Jln', 'Siswa Peminjam'),
('ANGG000073', 'X KT A 14', 'Hardianti', 33, 2, 'P', '*****', 'Jln', 'Siswa Peminjam'),
('ANGG000074', 'X KT A 15', 'Wa Ode Sitti Nurani', 33, 2, 'P', '*****', 'Jln', 'Siswa Peminjam'),
('ANGG000075', 'X KK A 01', 'Ramadhan', 38, 2, 'L', '*****', 'Jln ', 'Siswa Peminjam'),
('ANGG000076', 'X KK A 02', 'Alvin Kurninawan', 38, 2, 'L', '*****', 'Jln', 'Siswa Peminjam'),
('ANGG000077', 'X RPL B 01', 'Ilham Mangsis', 37, 2, 'L', '*****', 'Jln Transmina Lapulu', 'Siswa Peminjam'),
('ANGG000078', 'X RPL B 02', 'Seftizan Maulana', 37, 2, 'L', '*****', 'Jln Banaula Sinapoy', 'Siswa Peminjam'),
('ANGG000079', 'X KT A 16', 'Agustina', 33, 2, 'P', '082271625525', 'Jln Safira Indah', 'Siswa Peminjam'),
('ANGG000080', 'X TKJ A 08', 'Putri Maharani', 24, 2, 'P', '*****', 'Jln ', 'Siswa Peminjam'),
('ANGG000081', 'X TKJ A 09', 'Gun Gun Muhammad Nur', 24, 2, 'L', '*****', 'Jln', 'Siswa Peminjam'),
('ANGG000082', 'X KT A 17', 'Diana', 33, 2, 'P', '*****', 'Jln', 'Siswa Peminjam'),
('ANGG000083', 'X KT A 18', 'Harni', 33, 2, 'P', '*****', 'Jln', 'Siswa Peminjam'),
('ANGG000084', 'X MM C 12', 'Gea Gayuni', 29, 2, 'P', '*****', 'Jln', 'Siswa Peminjam'),
('ANGG000085', 'X MM C 13', 'Jiska Pratiwi Saputri', 29, 2, 'L', '*****', 'Jln', 'Siswa Peminjam'),
('ANGG000086', 'X RPL B 03', 'Bella Vista', 37, 2, 'P', '*****', 'Jln', 'Siswa Peminjam'),
('ANGG000087', 'X DKV A 02', 'Fitriah Ramadhani', 30, 2, 'P', '*****', 'Jln', 'Siswa Peminjam'),
('ANGG000088', 'X DKV A 03', 'Serli Astuti', 30, 2, 'P', '*****', 'Jln', 'Siswa Peminjam'),
('ANGG000089', 'X DKV A 04', 'Safila', 30, 2, 'P', '*****', 'Jln', 'Siswa Peminjam'),
('ANGG000090', 'X DKV A 05', 'Jiyan Virginia', 30, 2, 'P', '*****', 'Jln', 'Siswa Peminjam'),
('ANGG000091', 'X DKV A 06', 'Fitri Rahmadhani', 30, 2, 'P', '*****', 'Jln', 'Siswa Peminjam'),
('ANGG000092', 'X KT C 01', 'Sarnawati', 35, 2, 'P', '*****', 'Jln', 'Siswa Peminjam'),
('ANGG000093', 'X KT C 02', 'Sulistiawati', 35, 2, 'P', '*****', 'Jln', 'Siswa Peminjam'),
('ANGG000094', 'X TKJ C 01', 'Nona Fensiyah', 26, 2, 'P', '*****', 'Jln', 'Siswa Peminjam'),
('ANGG000095', 'X DKV B 02', 'Ronaldhy', 31, 2, 'L', '*****', 'Jln', 'Siswa Peminjam'),
('ANGG000096', 'X DKV B 03', 'Moh. Ikbal', 31, 2, 'L', '*****', 'Jln', 'Siswa Peminjam'),
('ANGG000097', 'X DKV B 04', 'Asmudin', 31, 2, 'L', '*****', 'Jln ', 'Siswa Peminjam'),
('ANGG000098', 'X DKV B 05', 'Rifta Novianti. M', 31, 2, 'P', '*****', 'Jln', 'Siswa Peminjam'),
('ANGG000099', 'X DKV B 06', 'Nova Elvira', 31, 2, 'P', '*****', 'Jln', 'Siswa Peminjam'),
('ANGG000100', 'X DKV B 07', 'Nurhikmah', 31, 2, 'P', '*****', 'Jln', 'Siswa Peminjam'),
('ANGG000101', 'X DKV B 08', 'Waode Rosmianti', 31, 2, 'P', '*****', 'Jln', 'Siswa Peminjam'),
('ANGG000102', 'X DKV B 09', 'Heslin Hamsa', 31, 2, 'P', '*****', 'Jln', 'Siswa Peminjam'),
('ANGG000103', 'X DKV B 10', 'Yasni', 31, 2, 'P', '*****', 'Jln', 'Siswa Peminjam'),
('ANGG000104', 'X DKV B 11', 'Tamara Sari  Aprilia B.', 31, 2, 'P', '*****', 'Jln', ' Siswa Peminjam'),
('ANGG000105', 'X DKV B 12', 'Muusin Yogi', 31, 2, 'L', '*****', 'Jln ', 'Siswa Peminjam'),
('ANGG000106', 'X DKV B 13', 'Ario Febrian', 31, 2, 'L', '*****', 'Jln', 'Siswa Peminjam'),
('ANGG000107', 'X TKJ A 10', 'Linda Ekawati Iksan', 24, 2, 'P', '*****', 'Jln', 'Siswa Peminjam'),
('ANGG000108', 'X TKJ A 11', 'Nur santi', 24, 2, 'P', '*****', 'Jln', 'Siswa Peminjam'),
('ANGG000109', 'X TKJ A  12', 'Dude Arlino', 24, 2, 'L', '*****', 'Jln', 'Siswa Peminjam'),
('ANGG000110', 'X TKJ A  13', 'Erik Yasin', 24, 2, 'L', '*****', 'Jln', 'Siswa Peminjam'),
('ANGG000111', 'X TKJ A  14', 'Miftahul Jannah Apliria Sidiq', 24, 2, 'P', '085394881606', 'Kompleks Sdn 01 Abeli', 'Siswa Peminjam'),
('ANGG000112', 'X TKJ A  15', 'Adelia Aswal Bazumbol', 24, 2, 'L', '*****', 'Jl', 'Siswa Peminjam'),
('ANGG000113', 'X RPL B 04', 'Jamrud', 37, 2, 'L', '*****', 'Jl', 'Siswa Peminjam'),
('ANGG000114', 'X RPL B 05', 'Farid  Irawan', 37, 2, 'L', '*****', 'Jl', 'Siswa Peminjam'),
('ANGG000115', 'X RPL C 13', 'Laode Varhad Anggriawan', 56, 2, 'L', '*****', 'Jl', 'Siswa Peminjam'),
('ANGG000116', 'X RPL C 14', 'Zulkifli DB Mangaasih', 9, 2, 'L', '*****', 'Jl', 'Siswa Peminjam'),
('ANGG000117', 'X RPL C 15', 'Farhan Adi Saung', 56, 2, 'L', '*****', 'Jl', 'Siswa Peminjam'),
('ANGG000118', 'X RPL C 16', 'Dimas Sapawi', 56, 2, 'L', '*****', 'Jl', 'Siswa Peminjam'),
('ANGG000119', 'X RPL C 17', 'Akmal', 36, 2, 'L', '*****', 'Jl', 'Siswa Peminjam'),
('ANGG000120', 'X KT A 19', 'Dina Aulia', 33, 2, 'P', '*****', 'Jl', 'Siswa Peminjam'),
('ANGG000121', 'X Animasi 08', 'Milling Yulia Putri', 55, 2, 'P', '*****', 'Jln', 'Siswa Peminjam'),
('ANGG000122', 'X TKJ A  16', 'Ibrahim', 24, 2, 'L', '*****', 'Jln', 'Siswa Peminjam'),
('ANGG000123', 'X TKJ A  17', 'Adit Setiawan', 24, 2, 'L', '*****', 'Jln', 'Siswa Peminjam'),
('ANGG000124', 'X DKV B 14', 'La ode Muhammad Salam Aeri', 31, 2, 'L', '*****', 'Jln', 'Siswa Peminjam'),
('ANGG000125', 'X DKV B 15', 'Suhardi', 31, 2, 'L', '*****', 'Jln', 'Siswa Peminjam'),
('ANGG000126', 'X DKV B 16', 'Saban', 31, 2, 'L', '*****', 'Jln', 'Siswa Peminjam'),
('ANGG000127', 'X DKV B 17', 'Iman Sholeh', 31, 2, 'L', '*****', 'Jln', 'Siswa Peminjam'),
('ANGG000128', 'X DKV A 07', 'Selviana', 30, 2, 'P', '*****', 'Jln', 'Siswa Peminjam'),
('ANGG000129', 'X DKV A 08', 'Lilfa Yanti', 30, 2, 'P', '*****', 'Jln', 'Siswa Peminjam'),
('ANGG000130', 'X TKJ B 02', 'Windi', 25, 2, 'P', '*****', 'Jln', 'Siswa Peminjam'),
('ANGG000131', 'X TKJ B 03', 'Nur Hasbiana Imran', 25, 2, 'P', '*****', 'Jln', 'Siswa Peminjam'),
('ANGG000132', 'X TKJ B 04', 'Ayu Prisky', 25, 2, 'P', '*****', 'Jln ', 'Siswa Peminjam'),
('ANGG000133', 'X MM B 03', 'Falijtiyah Nurul Maharani', 25, 2, 'P', '*****', 'Jln', 'Siswa Peminjam'),
('ANGG000134', 'X MM C 14', 'Nur Rahma', 29, 2, 'P', '*****', 'Jln', 'Siswa Peminjam'),
('ANGG000135', 'X MM C 15', 'Febriyani', 29, 2, 'P', '*****', 'Jln', 'Siswa Peminjam'),
('ANGG000136', 'X MM C 16', 'Muh. Aprilia Pasha', 29, 2, 'L', '*****', 'Jln', 'Siswa Peminjam'),
('ANGG000137', 'X MM C 17', 'Nur Aulya', 29, 2, 'P', '*****', 'Jln', 'Siswa Peminjam'),
('ANGG000138', 'X KT B 06', 'Waode Aulia Ramadham.s', 34, 2, 'P', '*****', 'Jln', 'Siswa Peminjam'),
('ANGG000139', 'X KT B 07', 'Linda', 34, 2, 'P', '*****', 'Jln', 'Siswa Peminjam'),
('ANGG000140', 'X KT B 08', 'Ayu Wulandari', 34, 2, 'P', '*****', 'Jln', 'Siswa Peminjam'),
('ANGG000141', 'X KT B 09', 'Misrawati', 34, 2, 'P', '*****', 'Jln', 'Siswa Peminjam'),
('ANGG000142', 'X KT B 10', 'Selya Marlina Saputri', 34, 2, 'P', '*****', 'Jln', 'Siswa Peminjam'),
('ANGG000143', 'X KT B 11', 'Nurul Agifah', 34, 2, 'P', '*****', 'Jln', 'Siswa Peminjam'),
('ANGG000144', 'X KT B 12', 'Selvi', 34, 2, 'P', '*****', 'Jln ', 'Siswa Peminjam'),
('ANGG000145', 'X KT B 13', 'Irfani', 34, 2, 'P', '*****', 'Jln', 'Siswa Peminjam'),
('ANGG000146', 'X RPL C 18', 'Devryn Syahrulsyah M', 56, 2, 'L', '*****', 'Jln', 'Siswa Peminjam'),
('ANGG000147', 'X TKJ C 02', 'Cintya Rahmadhani Wirhardjo', 26, 2, 'P', '*****', 'Jln', 'Siswa Peminjam'),
('ANGG000148', 'X TKJ C 03', 'Sitti Addina Aflan', 26, 2, 'P', '*****', 'Jln', 'Siswa Peminjam'),
('ANGG000149', 'X TKJ C 04', 'Furqhan Apriansyah', 26, 2, 'L', '*****', 'Jln', 'Siswa Peminjam'),
('ANGG000150', 'X TKJ C 05', 'Shafira Arsi Safin', 26, 2, 'P', '*****', 'Jln', 'Siswa Peminjam'),
('ANGG000151', 'X TKJ C 06', 'Sitti Khalifa', 26, 2, 'P', '*****', 'Jln', 'Siswa Peminjam'),
('ANGG000152', 'X TKJ C 07', 'Saikal', 26, 2, 'L', '*****', 'Jln', 'Siswa Peminjam'),
('ANGG000153', 'X TKJ C 08', 'Arwin Jayana', 26, 2, 'L', '*****', 'Jln', 'Siswa Peminjam'),
('ANGG000154', 'X TKJ C 09', 'Safna', 26, 2, 'P', '*****', 'Jln', 'Siswa Peminjam'),
('ANGG000155', 'X TKJ C 10', 'Fika', 26, 2, 'L', '*****', 'Jln', 'Siswa Peminjam'),
('ANGG000156', 'X TKJ C 11', 'Kirna', 26, 2, 'P', '*****', 'Jln', 'Siswa Peminjam'),
('ANGG000157', 'X TKJ C 12', 'Nurhayati', 26, 2, 'P', '*****', 'Jln ', 'Siswa Peminjam'),
('ANGG000158', 'X TKJ C 13', 'Nurcahya', 26, 2, 'P', '*****', 'Jln', 'Siswa Peminjam'),
('ANGG000159', 'X RPL B 06', 'Vanezza.A.Somantik', 37, 2, 'P', '*****', 'Jln', 'Siswa Peminjam'),
('ANGG000160', 'X TKJ C 14', 'Liliana L.p', 26, 2, 'P', '*****', 'Jln', 'Siswa Peminjam'),
('ANGG000161', 'X MM C 18', 'Arba', 29, 2, 'L', '*****', 'Jln', 'Siswa Peminjam'),
('ANGG000162', 'XI KT C 01', 'Astrit ', 18, 2, 'P', '*****', 'Jln', 'Siswa Peminjam'),
('ANGG000163', 'XI KT C 02', 'Isal Syabilia', 18, 2, 'P', '*****', 'Jln', 'Siswa Peminjam'),
('ANGG000164', 'XI KT C 03', 'Yuni Yastin', 18, 2, 'P', '*****', 'Jln', 'Siswa Peminjam'),
('ANGG000165', 'XI KT C 04', 'Yolanda Justika Sari', 18, 2, 'P', '*****', 'Jln', 'Siswa Peminjam'),
('ANGG000166', 'X DKV B 18', 'Muh. Muarifatul. T', 31, 2, 'L', '*****', 'Jln', 'Siswa Peminjam'),
('ANGG000167', 'X MM B 04', 'Muh. Juliansyah', 28, 2, 'L', '*****', 'Jln', 'Siswa Peminjam'),
('ANGG000168', 'X Animasi 09', 'Muh. Salman Alfarisi', 55, 2, 'L', '*****', 'Jln', 'Siswa Peminjam'),
('ANGG000169', 'X Animasi 10', 'Eky Estiya', 55, 2, 'P', '*****', 'Jln', 'Siswa Peminjam'),
('ANGG000170', 'X Animasi 11', 'Nur Miraf Kete', 55, 2, 'P', '*****', 'Jln', 'Siswa Peminjam'),
('ANGG000171', 'X DKV B 19', 'Muh Ikbal', 31, 2, 'L', '*****', 'Jln', 'Siswa Peminjam'),
('ANGG000172', 'X TKJ C 15', 'Shaykal Ain Fatwa D.', 26, 2, 'L', '*****', 'Jln', 'Siswa Peminjam'),
('ANGG000173', 'X MM C 19', 'Feri Adrinsah', 29, 2, 'L', '*****', 'Jln', 'Siswa Peminjam'),
('ANGG000174', 'X MM C 20', 'Nuk Dian', 29, 2, 'P', '*****', 'Jln', 'Siswa Peminjam'),
('ANGG000175', 'X MM C 20	', 'Vhira Aprilia', 29, 2, 'P', '*****', 'Jln', 'Siswa Peminjam'),
('ANGG000176', 'X MM C 21', 'Viola', 29, 2, 'P', '*****', 'Jln', 'Siswa Peminjam'),
('ANGG000177', 'X MM C 22', 'Nur Haeni', 29, 2, 'P', '*****', 'Jln', 'Siswa Peminjam'),
('ANGG000178', 'X DKV B 20', 'Rachel Ld. Mudi', 31, 2, 'L', '*****', 'Jln', 'Siswa Peminjam'),
('ANGG000179', 'X DKV B 21', 'Surya Shaputra Farin', 31, 2, 'L', '*****', 'Jln', 'Siswa Peminjam'),
('ANGG000180', 'X DKV B 22', 'Winarsin Ayu Lestari', 31, 2, 'P', '*****', 'Jln', 'Siswa Peminjam'),
('ANGG000181', 'X DKV B 23', 'Suhartini', 31, 2, 'P', '*****', 'Jln', 'Siswa Peminjam'),
('ANGG000182', 'X DKV B 24', 'Muh Anugera', 31, 2, 'L', '*****', 'Jln', 'Siswa Peminjam'),
('ANGG000183', 'X MM B 05', 'Hikma. Ramadani', 28, 2, 'P', '*****', 'Jln', 'Siswa Peminjam'),
('ANGG000184', 'X RPL C 19', 'M. Fadli', 56, 2, 'L', '*****', 'Jln', 'Siswa Peminjam'),
('ANGG000185', 'X RPL C 20', 'Niko Saputra', 56, 2, 'L', '*****', 'Jln ', 'Siswa Peminjam'),
('ANGG000186', 'X RPL B 07', 'Ferdiawan', 37, 2, 'L', '*****', 'Jln', 'Siswa Peminjam'),
('ANGG000187', 'X TKJ A 18', 'Marsya Aulia Saputri', 24, 2, 'P', '*****', 'Jln', 'Siswa Peminjam'),
('ANGG000188', 'X RPL A 04', 'Tamara Adiesty', 36, 2, 'P', '*****', 'Jln ', 'Siswa Peminjam'),
('ANGG000189', 'X RPL A 05', 'Fahmi Alwi', 36, 2, 'L', '*****', 'Jln', 'Siswa Peminjam'),
('ANGG000190', 'X RPL A 06', 'Riyan Syaputra Ega', 36, 2, 'L', '*****', 'Jln', 'Siswa Peminjam'),
('ANGG000191', 'X RPL A 07', 'Muhammad Ardan', 36, 2, 'L', '*****', 'Jln', 'Siswa Peminjam'),
('ANGG000192', 'X TKJ A 19', 'Muh. Bayamudin Fadilah', 24, 2, 'L', '*****', 'Jln', 'Siswa Peminjam'),
('ANGG000193', 'X TKJ A 20', 'Muh Bayu Firmansyah', 24, 2, 'L', '*****', 'Jln', 'Siswa Peminjam'),
('ANGG000194', 'X KK A 03', 'Ferdi', 38, 2, 'L', '*****', 'Jln', 'Siswa Peminjam'),
('ANGG000195', 'X KK A 04', 'Muh Annafri', 38, 2, 'L', '*****', 'Jln', 'Siswa Peminjam'),
('ANGG000196', 'X KK A 05', 'muhaimin', 38, 2, 'L', '*****', 'Jln', 'Siswa Peminjam'),
('ANGG000197', 'X Animasi 12', 'Muhammad Yusran', 55, 2, 'L', '*****', 'Jln', 'Siswa Peminjam'),
('ANGG000198', 'X Animasi 13', 'Muhammad Hasbi', 55, 2, 'L', '*****', 'Jln', 'Siswa Peminjam'),
('ANGG000199', 'X Animasi 14', 'ld ahmad syawal', 55, 2, 'L', '*****', 'Jln', 'Siswa Peminjam'),
('ANGG000200', 'X Animasi 15', 'Irna', 55, 2, 'P', '*****', 'Jln', 'Siswa Peminjam'),
('ANGG000201', 'X Animasi 16', 'Erik Y', 55, 2, 'L', '*****', 'Jln', 'Siswa Peminjam'),
('ANGG000202', 'X Animasi 17', 'Sas Kurniawan', 55, 2, 'L', '*****', 'Jln', 'Siswa Peminjam'),
('ANGG000203', 'X Animasi 18', 'Muh Fadel', 55, 2, 'L', '*****', 'Jln', 'Siswa Peminjam'),
('ANGG000204', 'X TKJ C 16', 'Ardiansyah', 26, 2, 'L', '*****', 'Jln', 'Siswa Peminjam'),
('ANGG000205', 'X TKJ C 17', 'Genta Saputra', 26, 2, 'L', '*****', 'Jln', 'Siswa Peminjam'),
('ANGG000206', 'X TKJ C 18', 'Muhammad Iksan Nurasid', 26, 2, 'L', '*****', 'Jln', 'Siswa Peminjam'),
('ANGG000207', 'X TKJ C 19', 'Muh ilham Lansampna', 26, 2, 'L', '*****', 'Jln', 'Siswa Peminjam'),
('ANGG000208', 'X TKJ C 20', 'Muh sabri', 26, 2, 'L', '*****', 'Jln', 'Siswa Peminjam'),
('ANGG000209', 'X TKJ C 21', 'Ld. Ikwal Hidayat', 26, 2, 'L', '*****', 'Jln', 'Siswa Peminjam'),
('ANGG000210', 'X TKJ C 22', 'Muh. Nurwahidm, m', 26, 2, 'L', '*****', 'Jln', 'Siswa Peminjam'),
('ANGG000211', 'X RPL A 08', 'Halim Sutoyo', 36, 2, 'L', '*****', 'Jln', 'Siswa Peminjam'),
('ANGG000212', 'X RPL A 09', 'Sul Rahman', 36, 2, 'L', '*****', 'Jln', 'Siswa Peminjam'),
('ANGG000213', 'X TKJ B 05', 'Andi Rahmay Icahi', 25, 2, 'L', '*****', 'Jln', 'Siswa Peminjam'),
('ANGG000214', 'X TKJ B 06', 'Rahmy Novianty', 25, 2, 'P', '*****', 'Jln', 'Siswa Peminjam'),
('ANGG000215', 'X TKJ B 07', 'Resyafani Budiman', 25, 2, 'P', '*****', 'Jln', 'Siswa Peminjam'),
('ANGG000216', 'X KT B 14', 'Sayla Marlina Saputri', 34, 2, 'P', '*****', 'Jln', 'Siswa Peminjam'),
('ANGG000217', 'X KT B 15', 'Anti', 34, 2, 'P', '*****', 'Jln', 'Siswa Peminjam'),
('ANGG000218', 'X DKV A 09', 'Rafli Faturrahman', 30, 2, 'L', '*****', 'Jln', 'Siswa Peminjam'),
('ANGG000219', 'X KT B 16', 'Fadilla Azahrah Saung', 34, 2, 'P', '*****', 'Jln', 'Siswa Peminjam'),
('ANGG000220', 'X KT B 17', 'Sri Rejeki', 34, 2, 'P', '*****', 'Jln', 'Siswa Peminjam'),
('ANGG000221', 'X KT B 18', 'Putri Lintang Lestari', 34, 2, 'P', '*****', 'Jln', 'Siswa Peminjam'),
('ANGG000222', 'X KT B 19', 'Aza Yumna Marsuqa', 34, 2, 'P', '*****', 'Jln', 'Siswa Peminjam'),
('ANGG000223', 'X MM C 23', 'La ode Fadly', 29, 2, 'L', '*****', 'Jln', 'Siswa Peminjam'),
('ANGG000224', 'X MM C 24', 'Ferdiansyah', 29, 2, 'L', '*****', 'Jln', 'Siswa Peminjam'),
('ANGG000225', 'X MM C 25', 'Andi Muh Ridwan', 29, 2, 'L', '*****', 'Jln', 'Siswa Peminjam'),
('ANGG000226', 'X MM B 06', 'Nisa Astiar', 28, 2, 'P', '*****', 'Jln', 'Siswa Peminjam'),
('ANGG000227', 'X MM B 07', 'Uiva unhusna', 28, 2, 'P', '*****', 'Jln', 'Siswa Peminjam'),
('ANGG000228', 'X TKJ C 23', 'Sarmila Dewi Sainani', 26, 2, 'P', '*****', 'Jln', 'Siswa Peminjam'),
('ANGG000229', 'X RPL B 08	', 'Waliyuni', 37, 2, 'P', '*****', 'Jln', 'Siswa Peminjam'),
('ANGG000230', 'X DKV B 25', 'sukmawati', 31, 2, 'P', '*****', 'Jln ', 'Siswa Peminjam'),
('ANGG000231', 'X DKV A 10', 'Ricar dwi putra argaya', 30, 2, 'L', '*****', 'Jln', 'Siswa Peminjam'),
('ANGG000232', 'X KT A 20', 'Titin Safitri', 33, 2, 'P', '*****', 'Jln', 'Siswa Peminjam'),
('ANGG000233', 'X KT A 21', 'Nanda septiani M', 33, 2, 'P', '*****', 'Jln', 'Siswa Peminjam'),
('ANGG000234', 'X MM A 09', 'Lusi Yustisyani', 27, 2, 'P', '*****', 'Jln', 'Siswa Peminjam'),
('ANGG000235', 'X MM A 10', 'Siti Fardila', 27, 2, 'P', '*****', 'Jln', 'Siswa Peminjam'),
('ANGG000236', 'X MM B 08', 'Norma Yeni', 28, 2, 'P', '*****', 'Jln', 'Siswa Peminjam'),
('ANGG000237', 'X MM B 09', 'Jasriadin', 28, 2, 'L', '*****', 'Jln', 'Siswa Peminjam'),
('ANGG000238', 'X MM B 10', 'Thara Azzahrah', 28, 2, 'L', '*****', 'Jln', 'Siswa Peminjam'),
('ANGG000239', 'X MM B 11', 'Ergi Febrezky Hasir', 28, 2, 'L', '*****', 'Jln', 'Siswa Peminjam'),
('ANGG000240', 'X MM B 12', 'Raudhah Sivilla Zaitun Syam', 28, 2, 'L', '*****', 'Jln', 'Siswa Peminjam'),
('ANGG000241', 'X MM B 13', 'Inesentia', 28, 2, 'P', '*****', 'Jln', 'Siswa Peminjam'),
('ANGG000242', 'X MM B 14', 'Fathur Rahman', 28, 2, 'L', '*****', 'Jln', 'Siswa Peminjam'),
('ANGG000243', 'X MM B 15', 'Indra Fanayan', 28, 2, 'L', '*****', 'Jln', 'Siswa Peminjam'),
('ANGG000244', 'X MM B 16', 'Tiara.s', 28, 2, 'L', '*****', 'Jln', 'Siswa Peminjam'),
('ANGG000245', 'X MM B 17', 'Amanda Fausihya Ramadani', 28, 2, 'P', '*****', 'Jln', 'Siswa Peminjam'),
('ANGG000246', 'X MM B 18', 'Yeyen', 28, 2, 'L', '*****', 'Jln', 'Siswa Peminjam'),
('ANGG000247', 'X MM B 19', 'Nur Aisah', 28, 2, 'P', '*****', 'Jln', 'Siswa Peminjam'),
('ANGG000248', 'X MM B 20', 'Aldin Syah', 28, 2, 'L', '*****', 'Jln', 'Siswa Peminjam'),
('ANGG000249', 'X MM B 21', 'Retno Ayu Utami', 28, 2, 'L', '*****', 'Jln', 'Siswa Peminjam'),
('ANGG000250', 'X MM B 22', 'Nur Afnialgaibi', 28, 2, 'L', '*****', 'Jln', 'Siswa Peminjam'),
('ANGG000251', 'X DKV A 11', 'Juhardin', 30, 2, 'L', '*****', 'Jln', 'Siswa Peminjam'),
('ANGG000252', 'X DKV A 12', 'Muh. Khaidir', 30, 2, 'L', '*****', 'Jln', 'Siswa Peminjam'),
('ANGG000253', 'X DKV A 13', 'Rafli Irwan', 30, 2, 'L', '*****', 'Jln', 'Siswa Peminjam'),
('ANGG000254', 'X DKV A 14', 'Andika Hamdillah Sao-sao', 30, 2, 'L', '*****', 'Jln', 'Siswa Peminjam'),
('ANGG000255', 'X DKV A 15', 'Ardin', 30, 2, 'L', '*****', 'Jln', 'Siswa Peminjam'),
('ANGG000256', 'X DKV A 16', 'La. Fajaruddin', 30, 2, 'L', '*****', 'Jln', 'Siswa Peminjam'),
('ANGG000257', 'X DKV A 17', 'Muhlis Hidayat', 30, 2, 'L', '*****', 'Jln', 'Siswa Peminjam'),
('ANGG000258', 'X DKV A 18', 'Abu', 30, 2, 'L', '*****', 'Jln', 'Siswa Peminjam'),
('ANGG000259', 'X KT A 22', 'Sartina', 33, 2, 'P', '*****', 'Jln', 'Siswa Peminjam'),
('ANGG000260', 'X KT A 23', 'Gita Faizal', 33, 2, 'P', '*****', 'Jln', 'Siswa Peminjam'),
('ANGG000261', 'X KT A 24', 'Restu felisa', 33, 2, 'P', '*****', 'Jln', 'Siswa Peminjam'),
('ANGG000262', 'X RPL A 10', 'Agung Saranani', 36, 2, 'L', '*****', 'Jln', 'Siswa Peminjam'),
('ANGG000263', 'X RPL A 11', 'Rara Regresta', 36, 2, 'P', '*****', 'Jln', 'Siswa Peminjam'),
('ANGG000264', 'X RPL A 12', 'Indah Sari', 36, 2, 'L', '*****', 'Jln', 'Siswa Peminjam'),
('ANGG000265', 'X RPL A 13', 'Ais Kumala Dewi', 36, 2, 'P', '*****', 'Jln', 'Siswa Peminjam'),
('ANGG000266', 'X RPL A 14', 'Faddil', 36, 2, 'L', '*****', 'Jln', 'Siswa Peminjam'),
('ANGG000267', 'X RPL A 15', 'Afdal', 36, 2, 'L', '*****', 'Jln', 'Siswa Peminjam'),
('ANGG000268', 'X RPL A 16', 'Inang Safitri', 36, 2, 'P', '*****', 'Jln', 'Siswa Peminjam'),
('ANGG000269', 'X RPL A 17', 'Fadel Mohammad', 36, 2, 'L', '*****', 'Jln', 'Siswa Peminjam'),
('ANGG000270', 'X RPL A 18', 'Muh. Rahmad Hidayat', 36, 2, 'L', '*****', 'Jln', 'Siswa Peminjam'),
('ANGG000271', 'X RPL A 19', 'Tasya Adelia Ismarani', 36, 2, 'P', '*****', 'Jln', 'Siswa Peminjam'),
('ANGG000272', 'X RPL A 20', 'Sutan Dwi Firmansyah', 36, 2, 'L', '*****', 'Jln', 'Siswa Peminjam'),
('ANGG000273', 'X RPL A 21', 'Rahmadani', 36, 2, 'L', '*****', 'Jln', 'Siswa Peminjam'),
('ANGG000274', 'X RPL A 22', 'Anggun', 36, 2, 'P', '*****', 'Jln', 'Siswa Peminjam'),
('ANGG000275', 'X RPL A 23', 'Syahril Hidayat', 36, 2, 'L', '*****', 'Jln', 'Siswa Peminjam'),
('ANGG000276', 'X RPL A 24', 'Asfarika', 36, 2, 'P', '*****', 'Jln', 'Siswa Peminjam'),
('ANGG000277', 'X RPL A 25', 'Prasetyo Eko p', 36, 2, 'L', '*****', 'Jln', 'Siswa Peminjam'),
('ANGG000278', 'X RPL A 26', 'Aditya Saputra', 36, 2, 'L', '*****', 'Jln', 'Siswa Peminjam'),
('ANGG000279', 'X DKV B 26', 'Irfan Yahya', 31, 2, 'L', '*****', 'Jln', 'Siswa Peminjam'),
('ANGG000280', 'X DKV A 19', 'Muh Alif Lianari', 30, 2, 'L', '*****', 'Jln', 'Siswa Peminjam'),
('ANGG000281', 'X MM B 23', 'Muh. Fais Khalilullah', 28, 2, 'L', '*****', 'Jln', 'Siswa Peminjam'),
('ANGG000282', 'X RPL C 21', 'Muhammad Arif Ali', 56, 2, 'L', '*****', 'Jln', 'Siswa Peminjam'),
('ANGG000283', 'X MM C 26', 'Muh. Farli', 29, 2, 'L', '*****', 'Jln', 'Siswa Peminjam'),
('ANGG000284', 'X MM C 27', 'Selmayanti', 29, 2, 'P', '*****', 'Jln ', 'Siswa Peminjam'),
('ANGG000285', 'XI TKJ C 01', 'Neca Aswari', 15, 2, 'P', '*****', 'Jln kelapa', 'Siswa Peminjam'),
('ANGG000286', 'X MM A 11', 'Nur Hasanah', 27, 2, 'P', '*****', 'Jln', 'Siswa Peminjam'),
('ANGG000287', 'X DKV A 20', 'Reyhan', 30, 2, 'L', '*****', 'Jln', 'Siswa Peminjam'),
('ANGG000288', 'X DKV A 21', 'Firman', 30, 2, 'L', '*****', 'Jln', 'Siswa Peminjam'),
('ANGG000289', 'X DKV A 22', 'Muh. Rafli Pratama . H', 30, 2, 'L', '*****', 'Jln', 'Siswa Peminjam'),
('ANGG000290', 'X MM B 24', 'Niswar Saipullah', 28, 2, 'L', '*****', 'Jln', 'Siswa Peminjam'),
('ANGG000291', 'X RPL B 09', 'Kaynawa Dwi Putra', 37, 2, 'L', '*****', 'Jln', 'Siswa Peminjam'),
('ANGG000292', 'X RPL B 10', 'Muhammad Fauzan', 37, 2, 'L', '*****', 'Jln', 'Siswa Peminjam'),
('ANGG000293', 'X RPL B 11', 'Alda', 37, 2, 'P', '*****', 'Jln ', 'Siswa Peminjam'),
('ANGG000294', 'X KT C 03', 'Uci Wulandari', 35, 2, 'P', '*****', 'Jln', 'Siswa Peminjam'),
('ANGG000295', 'X TKJ C 24', 'Nuralya', 26, 2, 'P', '*****', 'Jln', 'Siswa Peminjam'),
('ANGG000296', 'X MM B 25', 'Faujriah Nurul Maharani', 28, 2, 'P', '*****', 'Jln Kijang', 'Siswa Peminjam'),
('ANGG000297', 'X MM B 26', 'Rawdhah Silvilla Zaituns', 28, 2, 'P', '*****', 'Jln', 'Siswa Peminjam'),
('ANGG000298', 'XI RPL A 01', 'Alfia', 9, 2, 'P', '*****', 'Jln', 'Siswa Peminjam'),
('ANGG000299', 'XI KT C 05', 'Kasih Nila Mayu', 18, 2, 'P', '*****', 'Jln', 'Siswa Peminjam'),
('ANGG000300', 'XI KT C 06', 'Sri Wulan Handayani', 18, 2, 'P', '*****', 'Jln', 'Siswa Peminjam'),
('ANGG000301', 'XI KT A 01', 'Hikmah Lutfiana', 19, 2, 'P', '*****', 'Jln', 'Siswa Peminjam'),
('ANGG000302', 'XII RPL A 01', 'MIftahul Jannah', 50, 2, 'P', '085343681542', 'Jln Jambu Mente', 'Siswa Peminjam');

-- --------------------------------------------------------

--
-- Table structure for table `tb_buku`
--

CREATE TABLE `tb_buku` (
  `id_buku` char(15) NOT NULL,
  `ISBN` varchar(20) NOT NULL,
  `judul` varchar(100) NOT NULL,
  `img` varchar(100) DEFAULT NULL,
  `id_kategori` int(3) NOT NULL,
  `id_penerbit` int(3) NOT NULL,
  `id_pengarang` int(3) NOT NULL,
  `no_rak` int(2) NOT NULL,
  `thn_terbit` year(4) NOT NULL,
  `stok` int(3) NOT NULL,
  `ket` text NOT NULL
) ENGINE=InnoDB DEFAULT CHARSET=latin1;

--
-- Dumping data for table `tb_buku`
--

INSERT INTO `tb_buku` (`id_buku`, `ISBN`, `judul`, `img`, `id_kategori`, `id_penerbit`, `id_pengarang`, `no_rak`, `thn_terbit`, `stok`, `ket`) VALUES
('1', '005-297-012-1', 'Pendidikan Agama Islam Dan Budi Pekerti Kelas 3', 'SAOF60VK7IBUZNDCG3RT1HEMW98XL45PYJ2Q.jpg', 1, 1, 5, 2, 2019, 100, 'Kurikulum 2013 Edisi Revisi 2017\r\n'),
('10', '978-602-254-232-2', 'Seni Budaya Kelas 2', 'AXJZUG7P469W21MKFT0EVSNOH5QB8CDLRIY3.jpg', 13, 1, 11, 6, 2017, 100, 'Untuk SMK/MAK Kelas XI\r\n'),
('11', '978-602-434-294-4', 'Pendidikan Jasmani , Olahraga dan Kesehatan XI', '2V1W5MAK49HDCBYZ6QSX80GN7UOP3FILRJTE.jpg', 14, 1, 13, 6, 2013, 100, 'untuk SMK/MAK Kelas XI\r\n'),
('12', '978-602-434-638', 'Produktif Berbahasa Indonesia kelas 1', '9KVI1YNRS0X2U4HP8JGA6ZC5TFL7WMODEQ3B.jpg', 7, 1, 7, 5, 2019, 100, 'Berdasarkan Kurikulum 2013 (KI-KD 2017)\r\n'),
('2', '005-297-004-2', 'Pendidikan Agama Islam Dan Budi Pekerti Kelas 1', 'XTKHS7G13URCJAP4B0ZOI8EWF2DYQV9M5NL6.jpg', 1, 1, 5, 2, 2019, 100, 'Kurikulum 2013 Edisi Revisi 2017\r\n'),
('2017', '978-979-29-6849-1', 'PKK (REKAYASA PRANGKAT LUNAK) Kelas XI', '0RAKZF7OHI26V5QMSET8D1WJ3LG9PU4NBXYC.jpg', 15, 4, 14, 6, 2013, 100, 'Buku Pelajar'),
('3', '005-297-011-2', 'Pendidikan Agama Islam Dan Budi Pekerti Kelas 2', '18BMGP4X5FORCN30EY6HIZ27U9STKLWDJQVA.jpg', 1, 1, 5, 2, 2019, 100, 'Kurikulum 2013 Edisi Revisi 2017\r\n'),
('320', '978-602-434-943-1', 'Pendidikan Pancasila dan Kewarganegaraan kelas 3', 'BZJG5LMYACR08IQW167493VUKFSEH2DOXTNP.jpg', 9, 1, 6, 2, 2013, 50, 'Buku Pelajar'),
('333', '978-979-29-6986-3', 'PKK (TEKNIK KOMPUTER DAN JARINGAN) Kelas XII', 'LWVMJS51HRA6NYCBD720PQ4FUKG8E9OT3ZIX.jpg', 15, 4, 14, 6, 2013, 100, 'Buku Pelajar'),
('4', '005-370-001-2', 'Pendidikan Pancasila Dan Kewarganegaraan Kelas 1', 'Z7DAI35PG6OL18KUTQBXEFWSNVRHCY09M24J.jpg', 9, 1, 6, 3, 2019, 100, 'Berdasarkan Kurikulum 2013 KIKD 207\r\n'),
('400', '978-602-434-639-3', 'Bahasa Indonesia kelas 2', 'Y7S91IC4UXWZR0PMEND8QGOH3LKAJVB5TF26.jpg', 7, 1, 7, 3, 2013, 100, 'Buku Pelajar'),
('420', '978-602-434-653-9', 'Bahasa Inggris kelas 1', 'VDILYAFMH6KQ80X4P92UZ3TBGRO1SW7ECJ5N.jpg', 8, 1, 15, 6, 2013, 100, 'Buku pelajar'),
('5', '005-370-001-3', 'Pendidikan Pancasila Dan Kewarganegaraan Kelas 2', 'HQ48GBJYLUVA0C5T7OEIF1RN3DX9WSK62ZPM.jpg', 9, 1, 6, 3, 2019, 100, 'Berdasarkan Kurikulum 2013 KIKD 207\r\n'),
('510', '978-602-434-746-8', 'Matematika kelas XI', 'K1VBJHE76PCQW950IO2ZT3ARS84MYLGXUDFN.jpg', 2, 1, 12, 5, 2013, 100, 'Buku pelajar'),
('6', '978-979-29-6851-4', 'PKK (REKAYASA PRANGKAT LUNAK) Kelas XII', 'FYG21DTXLOCJSNUB08I9A4WVQE5ZHMK376RP.jpg', 15, 4, 14, 6, 2017, 100, 'Buku Pelajar'),
('7', '978-602-434-841-0', 'Fisika', 'AGR58KXPIH2FY61VQUZDJB7W40ELN9T3SCMO.jpg', 10, 1, 8, 6, 2019, 100, 'Bidang Keahlian Teknologi Informasi Dan Komunikasi\r\n'),
('700', '978-602-434-850-2', 'Penjaskes kelas X', 'EXS867CKFU9Y5P40BGHNDJ1VAIQ32LWMZTOR.jpg', 14, 1, 13, 4, 2013, 100, 'Buku Pelajar'),
('8', '978-602-434-750-5', 'Kimia', 'TRJB52FPS8MUID6WZQOHX9K0ANC7EYGV314L.jpg', 11, 1, 9, 6, 2019, 100, 'Bidang Keahlian Teknologi Informasi Dan Komunikasi'),
('9', '978-602-434-443-6', 'Sejarah Indonesia Kelas 1', '61CX0UHK9GTO3A85ISMFRQDV2W47YENZBLJP.png', 12, 1, 10, 6, 2017, 100, 'Untuk SMK/MAK Kelas X\r\n'),
('DDC23', '978-979-29-6965-6', 'PKK (TEKNIK KOMPUTER DAN JARINGAN) Kelas XI', 'RG8DM1BP9JFY2K4LON5Z0W7CV6SE3XUQIAHT.jpg', 15, 4, 14, 5, 2013, 100, 'Buku Pelajar'),
('KI-KD2013', '978-602-434-971-4', 'Seni Budaya kelas 1', 'K437HCF95LJYMVUG2XWPAQS1DNE06RI8TOZB.jpg', 13, 1, 11, 6, 2013, 100, 'Buku Pelajar'),
('KI-KD2017', '978-602-434-745-1', 'Matematika Kelas 1', 'Z1XN0UJPWV6LC7FGTIBH2RDMS934Y5AQ8KOE.jpg', 2, 1, 12, 2, 2013, 100, 'Untuk SMK/MAK Kelas 1\r\n'),
('KI-KD2018', '978-602-434-747-5', 'Matematika kelas 12', 'A6PYOJWGVMU0QHDS972CEITRZ81453NFLXKB.jpg', 2, 1, 12, 2, 2013, 100, 'Untuk SMK/MAK Kelas XII\r\n'),
('KI-KD400', '978-602-434-640-9', 'Bahasa Indonesia kelas 3', 'EO59XD67RMBH01LISAJQZ4NU3G2PYWTKF8VC.jpg', 7, 1, 7, 4, 2013, 100, 'Buku pelajar'),
('KI-KD420', '978-602-434-640-9', 'Bahasa Inggris kelas 3', 'P0VN62GHFE7SZDBW9JL5ICUK3MAR1O84YTQX.jpg', 8, 1, 15, 3, 2013, 100, 'Buku Pelajar');

-- --------------------------------------------------------

--
-- Table structure for table `tb_denda`
--

CREATE TABLE `tb_denda` (
  `id_denda` int(6) NOT NULL,
  `denda` int(6) NOT NULL,
  `status` enum('A','N') NOT NULL
) ENGINE=InnoDB DEFAULT CHARSET=latin1;

--
-- Dumping data for table `tb_denda`
--

INSERT INTO `tb_denda` (`id_denda`, `denda`, `status`) VALUES
(1, 2500, 'N'),
(3, 3000, 'N'),
(5, 1000, 'A');

-- --------------------------------------------------------

--
-- Table structure for table `tb_detail_buku`
--

CREATE TABLE `tb_detail_buku` (
  `id_detail_buku` int(11) NOT NULL,
  `id_buku` char(15) NOT NULL,
  `no_buku` int(4) NOT NULL,
  `status` char(1) NOT NULL DEFAULT '0'
) ENGINE=InnoDB DEFAULT CHARSET=latin1;

--
-- Dumping data for table `tb_detail_buku`
--

INSERT INTO `tb_detail_buku` (`id_detail_buku`, `id_buku`, `no_buku`, `status`) VALUES
(2293, '1', 1, '1'),
(2294, '1', 2, '1'),
(2295, '1', 3, '1'),
(2296, '1', 4, '1'),
(2297, '1', 5, '1'),
(2298, '1', 6, '1'),
(2299, '1', 7, '1'),
(2300, '1', 8, '1'),
(2301, '1', 9, '1'),
(2302, '1', 10, '1'),
(2303, '1', 11, '1'),
(2304, '1', 12, '1'),
(2305, '1', 13, '1'),
(2306, '1', 14, '1'),
(2307, '1', 15, '1'),
(2308, '1', 16, '1'),
(2309, '1', 17, '1'),
(2310, '1', 18, '1'),
(2311, '1', 19, '1'),
(2312, '1', 20, '1'),
(2313, '1', 21, '1'),
(2314, '1', 22, '1'),
(2315, '1', 23, '1'),
(2316, '1', 24, '1'),
(2317, '1', 25, '1'),
(2318, '1', 26, '1'),
(2319, '1', 27, '1'),
(2320, '1', 28, '1'),
(2321, '1', 29, '1'),
(2322, '1', 30, '1'),
(2323, '1', 31, '1'),
(2324, '1', 32, '1'),
(2325, '1', 33, '1'),
(2326, '1', 34, '1'),
(2327, '1', 35, '1'),
(2328, '1', 36, '1'),
(2329, '1', 37, '1'),
(2330, '1', 38, '1'),
(2331, '1', 39, '1'),
(2332, '1', 40, '1'),
(2333, '1', 41, '1'),
(2334, '1', 42, '1'),
(2335, '1', 43, '1'),
(2336, '1', 44, '1'),
(2337, '1', 45, '1'),
(2338, '1', 46, '1'),
(2339, '1', 47, '1'),
(2340, '1', 48, '1'),
(2341, '1', 49, '1'),
(2342, '1', 50, '1'),
(2343, '1', 51, '1'),
(2344, '1', 52, '1'),
(2345, '1', 53, '1'),
(2346, '1', 54, '1'),
(2347, '1', 55, '1'),
(2348, '1', 56, '1'),
(2349, '1', 57, '1'),
(2350, '1', 58, '1'),
(2351, '1', 59, '1'),
(2352, '1', 60, '1'),
(2353, '1', 61, '1'),
(2354, '1', 62, '1'),
(2355, '1', 63, '1'),
(2356, '1', 64, '1'),
(2357, '1', 65, '1'),
(2358, '1', 66, '1'),
(2359, '1', 67, '1'),
(2360, '1', 68, '1'),
(2361, '1', 69, '1'),
(2362, '1', 70, '1'),
(2363, '1', 71, '1'),
(2364, '1', 72, '1'),
(2365, '1', 73, '1'),
(2366, '1', 74, '1'),
(2367, '1', 75, '1'),
(2368, '1', 76, '1'),
(2369, '1', 77, '1'),
(2370, '1', 78, '1'),
(2371, '1', 79, '1'),
(2372, '1', 80, '1'),
(2373, '1', 81, '1'),
(2374, '1', 82, '1'),
(2375, '1', 83, '1'),
(2376, '1', 84, '1'),
(2377, '1', 85, '1'),
(2378, '1', 86, '1'),
(2379, '1', 87, '1'),
(2380, '1', 88, '1'),
(2381, '1', 89, '1'),
(2382, '1', 90, '1'),
(2383, '1', 91, '1'),
(2384, '1', 92, '1'),
(2385, '1', 93, '1'),
(2386, '1', 94, '1'),
(2387, '1', 95, '1'),
(2388, '1', 96, '1'),
(2389, '1', 97, '1'),
(2390, '1', 98, '1'),
(2391, '1', 99, '1'),
(2392, '1', 100, '1'),
(2393, '2', 1, '1'),
(2394, '2', 2, '1'),
(2395, '2', 3, '1'),
(2396, '2', 4, '1'),
(2397, '2', 5, '1'),
(2398, '2', 6, '1'),
(2399, '2', 7, '1'),
(2400, '2', 8, '1'),
(2401, '2', 9, '1'),
(2402, '2', 10, '1'),
(2403, '2', 11, '1'),
(2404, '2', 12, '1'),
(2405, '2', 13, '1'),
(2406, '2', 14, '1'),
(2407, '2', 15, '1'),
(2408, '2', 16, '1'),
(2409, '2', 17, '1'),
(2410, '2', 18, '1'),
(2411, '2', 19, '1'),
(2412, '2', 20, '1'),
(2413, '2', 21, '1'),
(2414, '2', 22, '1'),
(2415, '2', 23, '1'),
(2416, '2', 24, '1'),
(2417, '2', 25, '1'),
(2418, '2', 26, '1'),
(2419, '2', 27, '1'),
(2420, '2', 28, '1'),
(2421, '2', 29, '1'),
(2422, '2', 30, '1'),
(2423, '2', 31, '1'),
(2424, '2', 32, '1'),
(2425, '2', 33, '1'),
(2426, '2', 34, '1'),
(2427, '2', 35, '1'),
(2428, '2', 36, '1'),
(2429, '2', 37, '1'),
(2430, '2', 38, '1'),
(2431, '2', 39, '1'),
(2432, '2', 40, '1'),
(2433, '2', 41, '1'),
(2434, '2', 42, '1'),
(2435, '2', 43, '1'),
(2436, '2', 44, '1'),
(2437, '2', 45, '1'),
(2438, '2', 46, '1'),
(2439, '2', 47, '1'),
(2440, '2', 48, '1'),
(2441, '2', 49, '1'),
(2442, '2', 50, '1'),
(2443, '2', 51, '1'),
(2444, '2', 52, '1'),
(2445, '2', 53, '1'),
(2446, '2', 54, '1'),
(2447, '2', 55, '1'),
(2448, '2', 56, '1'),
(2449, '2', 57, '1'),
(2450, '2', 58, '1'),
(2451, '2', 59, '1'),
(2452, '2', 60, '1'),
(2453, '2', 61, '1'),
(2454, '2', 62, '1'),
(2455, '2', 63, '1'),
(2456, '2', 64, '1'),
(2457, '2', 65, '1'),
(2458, '2', 66, '1'),
(2459, '2', 67, '1'),
(2460, '2', 68, '1'),
(2461, '2', 69, '1'),
(2462, '2', 70, '1'),
(2463, '2', 71, '1'),
(2464, '2', 72, '1'),
(2465, '2', 73, '1'),
(2466, '2', 74, '1'),
(2467, '2', 75, '1'),
(2468, '2', 76, '1'),
(2469, '2', 77, '1'),
(2470, '2', 78, '1'),
(2471, '2', 79, '1'),
(2472, '2', 80, '1'),
(2473, '2', 81, '1'),
(2474, '2', 82, '1'),
(2475, '2', 83, '1'),
(2476, '2', 84, '1'),
(2477, '2', 85, '1'),
(2478, '2', 86, '1'),
(2479, '2', 87, '1'),
(2480, '2', 88, '1'),
(2481, '2', 89, '1'),
(2482, '2', 90, '1'),
(2483, '2', 91, '1'),
(2484, '2', 92, '1'),
(2485, '2', 93, '1'),
(2486, '2', 94, '1'),
(2487, '2', 95, '1'),
(2488, '2', 96, '1'),
(2489, '2', 97, '1'),
(2490, '2', 98, '1'),
(2491, '2', 99, '1'),
(2492, '2', 100, '1'),
(2493, '3', 1, '0'),
(2494, '3', 2, '0'),
(2495, '3', 3, '1'),
(2496, '3', 4, '0'),
(2497, '3', 5, '0'),
(2498, '3', 6, '1'),
(2499, '3', 7, '1'),
(2500, '3', 8, '1'),
(2501, '3', 9, '1'),
(2502, '3', 10, '1'),
(2503, '3', 11, '1'),
(2504, '3', 12, '1'),
(2505, '3', 13, '1'),
(2506, '3', 14, '1'),
(2507, '3', 15, '1'),
(2508, '3', 16, '1'),
(2509, '3', 17, '1'),
(2510, '3', 18, '1'),
(2511, '3', 19, '1'),
(2512, '3', 20, '1'),
(2513, '3', 21, '1'),
(2514, '3', 22, '1'),
(2515, '3', 23, '1'),
(2516, '3', 24, '1'),
(2517, '3', 25, '1'),
(2518, '3', 26, '1'),
(2519, '3', 27, '1'),
(2520, '3', 28, '1'),
(2521, '3', 29, '1'),
(2522, '3', 30, '1'),
(2523, '3', 31, '1'),
(2524, '3', 32, '1'),
(2525, '3', 33, '1'),
(2526, '3', 34, '1'),
(2527, '3', 35, '1'),
(2528, '3', 36, '1'),
(2529, '3', 37, '1'),
(2530, '3', 38, '1'),
(2531, '3', 39, '1'),
(2532, '3', 40, '1'),
(2533, '3', 41, '1'),
(2534, '3', 42, '1'),
(2535, '3', 43, '1'),
(2536, '3', 44, '1'),
(2537, '3', 45, '1'),
(2538, '3', 46, '1'),
(2539, '3', 47, '1'),
(2540, '3', 48, '1'),
(2541, '3', 49, '1'),
(2542, '3', 50, '1'),
(2543, '3', 51, '1'),
(2544, '3', 52, '1'),
(2545, '3', 53, '1'),
(2546, '3', 54, '1'),
(2547, '3', 55, '1'),
(2548, '3', 56, '1'),
(2549, '3', 57, '1'),
(2550, '3', 58, '1'),
(2551, '3', 59, '1'),
(2552, '3', 60, '1'),
(2553, '3', 61, '1'),
(2554, '3', 62, '1'),
(2555, '3', 63, '1'),
(2556, '3', 64, '1'),
(2557, '3', 65, '1'),
(2558, '3', 66, '1'),
(2559, '3', 67, '1'),
(2560, '3', 68, '1'),
(2561, '3', 69, '1'),
(2562, '3', 70, '1'),
(2563, '3', 71, '1'),
(2564, '3', 72, '1'),
(2565, '3', 73, '1'),
(2566, '3', 74, '1'),
(2567, '3', 75, '1'),
(2568, '3', 76, '1'),
(2569, '3', 77, '1'),
(2570, '3', 78, '1'),
(2571, '3', 79, '1'),
(2572, '3', 80, '1'),
(2573, '3', 81, '1'),
(2574, '3', 82, '1'),
(2575, '3', 83, '1'),
(2576, '3', 84, '1'),
(2577, '3', 85, '1'),
(2578, '3', 86, '1'),
(2579, '3', 87, '1'),
(2580, '3', 88, '1'),
(2581, '3', 89, '1'),
(2582, '3', 90, '1'),
(2583, '3', 91, '1'),
(2584, '3', 92, '1'),
(2585, '3', 93, '1'),
(2586, '3', 94, '1'),
(2587, '3', 95, '1'),
(2588, '3', 96, '1'),
(2589, '3', 97, '1'),
(2590, '3', 98, '1'),
(2591, '3', 99, '1'),
(2592, '3', 100, '1'),
(2593, '4', 1, '0'),
(2594, '4', 2, '1'),
(2595, '4', 3, '0'),
(2596, '4', 4, '0'),
(2597, '4', 5, '0'),
(2598, '4', 6, '1'),
(2599, '4', 7, '0'),
(2600, '4', 8, '1'),
(2601, '4', 9, '1'),
(2602, '4', 10, '1'),
(2603, '4', 11, '1'),
(2604, '4', 12, '1'),
(2605, '4', 13, '1'),
(2606, '4', 14, '1'),
(2607, '4', 15, '1'),
(2608, '4', 16, '1'),
(2609, '4', 17, '1'),
(2610, '4', 18, '1'),
(2611, '4', 19, '1'),
(2612, '4', 20, '1'),
(2613, '4', 21, '1'),
(2614, '4', 22, '1'),
(2615, '4', 23, '1'),
(2616, '4', 24, '1'),
(2617, '4', 25, '1'),
(2618, '4', 26, '1'),
(2619, '4', 27, '1'),
(2620, '4', 28, '1'),
(2621, '4', 29, '1'),
(2622, '4', 30, '1'),
(2623, '4', 31, '1'),
(2624, '4', 32, '1'),
(2625, '4', 33, '1'),
(2626, '4', 34, '1'),
(2627, '4', 35, '1'),
(2628, '4', 36, '1'),
(2629, '4', 37, '1'),
(2630, '4', 38, '1'),
(2631, '4', 39, '1'),
(2632, '4', 40, '1'),
(2633, '4', 41, '1'),
(2634, '4', 42, '1'),
(2635, '4', 43, '1'),
(2636, '4', 44, '1'),
(2637, '4', 45, '1'),
(2638, '4', 46, '1'),
(2639, '4', 47, '1'),
(2640, '4', 48, '1'),
(2641, '4', 49, '1'),
(2642, '4', 50, '1'),
(2643, '4', 51, '1'),
(2644, '4', 52, '1'),
(2645, '4', 53, '1'),
(2646, '4', 54, '1'),
(2647, '4', 55, '1'),
(2648, '4', 56, '1'),
(2649, '4', 57, '1'),
(2650, '4', 58, '1'),
(2651, '4', 59, '1'),
(2652, '4', 60, '1'),
(2653, '4', 61, '1'),
(2654, '4', 62, '1'),
(2655, '4', 63, '1'),
(2656, '4', 64, '1'),
(2657, '4', 65, '1'),
(2658, '4', 66, '1'),
(2659, '4', 67, '1'),
(2660, '4', 68, '1'),
(2661, '4', 69, '1'),
(2662, '4', 70, '1'),
(2663, '4', 71, '1'),
(2664, '4', 72, '1'),
(2665, '4', 73, '1'),
(2666, '4', 74, '1'),
(2667, '4', 75, '1'),
(2668, '4', 76, '1'),
(2669, '4', 77, '1'),
(2670, '4', 78, '1'),
(2671, '4', 79, '1'),
(2672, '4', 80, '1'),
(2673, '4', 81, '1'),
(2674, '4', 82, '1'),
(2675, '4', 83, '1'),
(2676, '4', 84, '1'),
(2677, '4', 85, '1'),
(2678, '4', 86, '1'),
(2679, '4', 87, '1'),
(2680, '4', 88, '1'),
(2681, '4', 89, '1'),
(2682, '4', 90, '1'),
(2683, '4', 91, '1'),
(2684, '4', 92, '1'),
(2685, '4', 93, '1'),
(2686, '4', 94, '1'),
(2687, '4', 95, '1'),
(2688, '4', 96, '1'),
(2689, '4', 97, '1'),
(2690, '4', 98, '1'),
(2691, '4', 99, '1'),
(2692, '4', 100, '1'),
(2693, '5', 1, '1'),
(2694, '5', 2, '1'),
(2695, '5', 3, '1'),
(2696, '5', 4, '1'),
(2697, '5', 5, '1'),
(2698, '5', 6, '1'),
(2699, '5', 7, '1'),
(2700, '5', 8, '1'),
(2701, '5', 9, '1'),
(2702, '5', 10, '1'),
(2703, '5', 11, '1'),
(2704, '5', 12, '1'),
(2705, '5', 13, '1'),
(2706, '5', 14, '1'),
(2707, '5', 15, '1'),
(2708, '5', 16, '1'),
(2709, '5', 17, '1'),
(2710, '5', 18, '1'),
(2711, '5', 19, '1'),
(2712, '5', 20, '1'),
(2713, '5', 21, '1'),
(2714, '5', 22, '1'),
(2715, '5', 23, '1'),
(2716, '5', 24, '1'),
(2717, '5', 25, '1'),
(2718, '5', 26, '1'),
(2719, '5', 27, '1'),
(2720, '5', 28, '1'),
(2721, '5', 29, '1'),
(2722, '5', 30, '1'),
(2723, '5', 31, '1'),
(2724, '5', 32, '1'),
(2725, '5', 33, '1'),
(2726, '5', 34, '1'),
(2727, '5', 35, '1'),
(2728, '5', 36, '1'),
(2729, '5', 37, '1'),
(2730, '5', 38, '1'),
(2731, '5', 39, '1'),
(2732, '5', 40, '1'),
(2733, '5', 41, '1'),
(2734, '5', 42, '1'),
(2735, '5', 43, '1'),
(2736, '5', 44, '1'),
(2737, '5', 45, '1'),
(2738, '5', 46, '1'),
(2739, '5', 47, '1'),
(2740, '5', 48, '1'),
(2741, '5', 49, '1'),
(2742, '5', 50, '1'),
(2743, '5', 51, '1'),
(2744, '5', 52, '1'),
(2745, '5', 53, '1'),
(2746, '5', 54, '1'),
(2747, '5', 55, '1'),
(2748, '5', 56, '1'),
(2749, '5', 57, '1'),
(2750, '5', 58, '1'),
(2751, '5', 59, '1'),
(2752, '5', 60, '1'),
(2753, '5', 61, '1'),
(2754, '5', 62, '1'),
(2755, '5', 63, '1'),
(2756, '5', 64, '1'),
(2757, '5', 65, '1'),
(2758, '5', 66, '1'),
(2759, '5', 67, '1'),
(2760, '5', 68, '1'),
(2761, '5', 69, '1'),
(2762, '5', 70, '1'),
(2763, '5', 71, '1'),
(2764, '5', 72, '1'),
(2765, '5', 73, '1'),
(2766, '5', 74, '1'),
(2767, '5', 75, '1'),
(2768, '5', 76, '1'),
(2769, '5', 77, '1'),
(2770, '5', 78, '1'),
(2771, '5', 79, '1'),
(2772, '5', 80, '1'),
(2773, '5', 81, '1'),
(2774, '5', 82, '1'),
(2775, '5', 83, '1'),
(2776, '5', 84, '1'),
(2777, '5', 85, '1'),
(2778, '5', 86, '1'),
(2779, '5', 87, '1'),
(2780, '5', 88, '1'),
(2781, '5', 89, '1'),
(2782, '5', 90, '1'),
(2783, '5', 91, '1'),
(2784, '5', 92, '1'),
(2785, '5', 93, '1'),
(2786, '5', 94, '1'),
(2787, '5', 95, '1'),
(2788, '5', 96, '1'),
(2789, '5', 97, '1'),
(2790, '5', 98, '1'),
(2791, '5', 99, '1'),
(2792, '5', 100, '1'),
(2793, '12', 1, '0'),
(2794, '12', 2, '1'),
(2795, '12', 3, '1'),
(2796, '12', 4, '1'),
(2797, '12', 5, '1'),
(2798, '12', 6, '1'),
(2799, '12', 7, '1'),
(2800, '12', 8, '1'),
(2801, '12', 9, '1'),
(2802, '12', 10, '1'),
(2803, '12', 11, '1'),
(2804, '12', 12, '1'),
(2805, '12', 13, '1'),
(2806, '12', 14, '1'),
(2807, '12', 15, '1'),
(2808, '12', 16, '1'),
(2809, '12', 17, '1'),
(2810, '12', 18, '1'),
(2811, '12', 19, '1'),
(2812, '12', 20, '1'),
(2813, '12', 21, '1'),
(2814, '12', 22, '1'),
(2815, '12', 23, '1'),
(2816, '12', 24, '1'),
(2817, '12', 25, '1'),
(2818, '12', 26, '1'),
(2819, '12', 27, '1'),
(2820, '12', 28, '1'),
(2821, '12', 29, '1'),
(2822, '12', 30, '1'),
(2823, '12', 31, '1'),
(2824, '12', 32, '1'),
(2825, '12', 33, '1'),
(2826, '12', 34, '1'),
(2827, '12', 35, '1'),
(2828, '12', 36, '1'),
(2829, '12', 37, '1'),
(2830, '12', 38, '1'),
(2831, '12', 39, '1'),
(2832, '12', 40, '1'),
(2833, '12', 41, '1'),
(2834, '12', 42, '1'),
(2835, '12', 43, '1'),
(2836, '12', 44, '1'),
(2837, '12', 45, '1'),
(2838, '12', 46, '1'),
(2839, '12', 47, '1'),
(2840, '12', 48, '1'),
(2841, '12', 49, '1'),
(2842, '12', 50, '1'),
(2843, '12', 51, '1'),
(2844, '12', 52, '1'),
(2845, '12', 53, '1'),
(2846, '12', 54, '1'),
(2847, '12', 55, '1'),
(2848, '12', 56, '1'),
(2849, '12', 57, '1'),
(2850, '12', 58, '1'),
(2851, '12', 59, '1'),
(2852, '12', 60, '1'),
(2853, '12', 61, '1'),
(2854, '12', 62, '1'),
(2855, '12', 63, '1'),
(2856, '12', 64, '1'),
(2857, '12', 65, '1'),
(2858, '12', 66, '1'),
(2859, '12', 67, '1'),
(2860, '12', 68, '1'),
(2861, '12', 69, '1'),
(2862, '12', 70, '1'),
(2863, '12', 71, '1'),
(2864, '12', 72, '1'),
(2865, '12', 73, '1'),
(2866, '12', 74, '1'),
(2867, '12', 75, '1'),
(2868, '12', 76, '1'),
(2869, '12', 77, '1'),
(2870, '12', 78, '1'),
(2871, '12', 79, '1'),
(2872, '12', 80, '1'),
(2873, '12', 81, '1'),
(2874, '12', 82, '1'),
(2875, '12', 83, '1'),
(2876, '12', 84, '1'),
(2877, '12', 85, '1'),
(2878, '12', 86, '1'),
(2879, '12', 87, '1'),
(2880, '12', 88, '1'),
(2881, '12', 89, '1'),
(2882, '12', 90, '1'),
(2883, '12', 91, '1'),
(2884, '12', 92, '1'),
(2885, '12', 93, '1'),
(2886, '12', 94, '1'),
(2887, '12', 95, '1'),
(2888, '12', 96, '1'),
(2889, '12', 97, '1'),
(2890, '12', 98, '1'),
(2891, '12', 99, '1'),
(2892, '12', 100, '1'),
(2893, '7', 1, '1'),
(2894, '7', 2, '1'),
(2895, '7', 3, '1'),
(2896, '7', 4, '1'),
(2897, '7', 5, '1'),
(2898, '7', 6, '1'),
(2899, '7', 7, '1'),
(2900, '7', 8, '1'),
(2901, '7', 9, '1'),
(2902, '7', 10, '1'),
(2903, '7', 11, '1'),
(2904, '7', 12, '1'),
(2905, '7', 13, '1'),
(2906, '7', 14, '1'),
(2907, '7', 15, '1'),
(2908, '7', 16, '1'),
(2909, '7', 17, '1'),
(2910, '7', 18, '1'),
(2911, '7', 19, '1'),
(2912, '7', 20, '1'),
(2913, '7', 21, '1'),
(2914, '7', 22, '1'),
(2915, '7', 23, '1'),
(2916, '7', 24, '1'),
(2917, '7', 25, '1'),
(2918, '7', 26, '1'),
(2919, '7', 27, '1'),
(2920, '7', 28, '1'),
(2921, '7', 29, '1'),
(2922, '7', 30, '1'),
(2923, '7', 31, '1'),
(2924, '7', 32, '1'),
(2925, '7', 33, '1'),
(2926, '7', 34, '1'),
(2927, '7', 35, '1'),
(2928, '7', 36, '1'),
(2929, '7', 37, '1'),
(2930, '7', 38, '1'),
(2931, '7', 39, '1'),
(2932, '7', 40, '1'),
(2933, '7', 41, '1'),
(2934, '7', 42, '1'),
(2935, '7', 43, '1'),
(2936, '7', 44, '1'),
(2937, '7', 45, '1'),
(2938, '7', 46, '1'),
(2939, '7', 47, '1'),
(2940, '7', 48, '1'),
(2941, '7', 49, '1'),
(2942, '7', 50, '1'),
(2943, '7', 51, '1'),
(2944, '7', 52, '1'),
(2945, '7', 53, '1'),
(2946, '7', 54, '1'),
(2947, '7', 55, '1'),
(2948, '7', 56, '1'),
(2949, '7', 57, '1'),
(2950, '7', 58, '1'),
(2951, '7', 59, '1'),
(2952, '7', 60, '1'),
(2953, '7', 61, '1'),
(2954, '7', 62, '1'),
(2955, '7', 63, '1'),
(2956, '7', 64, '1'),
(2957, '7', 65, '1'),
(2958, '7', 66, '1'),
(2959, '7', 67, '1'),
(2960, '7', 68, '1'),
(2961, '7', 69, '1'),
(2962, '7', 70, '1'),
(2963, '7', 71, '1'),
(2964, '7', 72, '1'),
(2965, '7', 73, '1'),
(2966, '7', 74, '1'),
(2967, '7', 75, '1'),
(2968, '7', 76, '1'),
(2969, '7', 77, '1'),
(2970, '7', 78, '1'),
(2971, '7', 79, '1'),
(2972, '7', 80, '1'),
(2973, '7', 81, '1'),
(2974, '7', 82, '1'),
(2975, '7', 83, '1'),
(2976, '7', 84, '1'),
(2977, '7', 85, '1'),
(2978, '7', 86, '1'),
(2979, '7', 87, '1'),
(2980, '7', 88, '1'),
(2981, '7', 89, '1'),
(2982, '7', 90, '1'),
(2983, '7', 91, '1'),
(2984, '7', 92, '1'),
(2985, '7', 93, '1'),
(2986, '7', 94, '1'),
(2987, '7', 95, '1'),
(2988, '7', 96, '1'),
(2989, '7', 97, '1'),
(2990, '7', 98, '1'),
(2991, '7', 99, '1'),
(2992, '7', 100, '1'),
(2993, '8', 1, '1'),
(2994, '8', 2, '1'),
(2995, '8', 3, '1'),
(2996, '8', 4, '1'),
(2997, '8', 5, '1'),
(2998, '8', 6, '1'),
(2999, '8', 7, '1'),
(3000, '8', 8, '1'),
(3001, '8', 9, '1'),
(3002, '8', 10, '1'),
(3003, '8', 11, '1'),
(3004, '8', 12, '1'),
(3005, '8', 13, '1'),
(3006, '8', 14, '1'),
(3007, '8', 15, '1'),
(3008, '8', 16, '1'),
(3009, '8', 17, '1'),
(3010, '8', 18, '1'),
(3011, '8', 19, '1'),
(3012, '8', 20, '1'),
(3013, '8', 21, '1'),
(3014, '8', 22, '1'),
(3015, '8', 23, '1'),
(3016, '8', 24, '1'),
(3017, '8', 25, '1'),
(3018, '8', 26, '1'),
(3019, '8', 27, '1'),
(3020, '8', 28, '1'),
(3021, '8', 29, '1'),
(3022, '8', 30, '1'),
(3023, '8', 31, '1'),
(3024, '8', 32, '1'),
(3025, '8', 33, '1'),
(3026, '8', 34, '1'),
(3027, '8', 35, '1'),
(3028, '8', 36, '1'),
(3029, '8', 37, '1'),
(3030, '8', 38, '1'),
(3031, '8', 39, '1'),
(3032, '8', 40, '1'),
(3033, '8', 41, '1'),
(3034, '8', 42, '1'),
(3035, '8', 43, '1'),
(3036, '8', 44, '1'),
(3037, '8', 45, '1'),
(3038, '8', 46, '1'),
(3039, '8', 47, '1'),
(3040, '8', 48, '1'),
(3041, '8', 49, '1'),
(3042, '8', 50, '1'),
(3043, '8', 51, '1'),
(3044, '8', 52, '1'),
(3045, '8', 53, '1'),
(3046, '8', 54, '1'),
(3047, '8', 55, '1'),
(3048, '8', 56, '1'),
(3049, '8', 57, '1'),
(3050, '8', 58, '1'),
(3051, '8', 59, '1'),
(3052, '8', 60, '1'),
(3053, '8', 61, '1'),
(3054, '8', 62, '1'),
(3055, '8', 63, '1'),
(3056, '8', 64, '1'),
(3057, '8', 65, '1'),
(3058, '8', 66, '1'),
(3059, '8', 67, '1'),
(3060, '8', 68, '1'),
(3061, '8', 69, '1'),
(3062, '8', 70, '1'),
(3063, '8', 71, '1'),
(3064, '8', 72, '1'),
(3065, '8', 73, '1'),
(3066, '8', 74, '1'),
(3067, '8', 75, '1'),
(3068, '8', 76, '1'),
(3069, '8', 77, '1'),
(3070, '8', 78, '1'),
(3071, '8', 79, '1'),
(3072, '8', 80, '1'),
(3073, '8', 81, '1'),
(3074, '8', 82, '1'),
(3075, '8', 83, '1'),
(3076, '8', 84, '1'),
(3077, '8', 85, '1'),
(3078, '8', 86, '1'),
(3079, '8', 87, '1'),
(3080, '8', 88, '1'),
(3081, '8', 89, '1'),
(3082, '8', 90, '1'),
(3083, '8', 91, '1'),
(3084, '8', 92, '1'),
(3085, '8', 93, '1'),
(3086, '8', 94, '1'),
(3087, '8', 95, '1'),
(3088, '8', 96, '1'),
(3089, '8', 97, '1'),
(3090, '8', 98, '1'),
(3091, '8', 99, '1'),
(3092, '8', 100, '1'),
(3593, 'KI-KD2017', 1, '1'),
(3594, 'KI-KD2017', 2, '1'),
(3595, 'KI-KD2017', 3, '1'),
(3596, 'KI-KD2017', 4, '1'),
(3597, 'KI-KD2017', 5, '1'),
(3598, 'KI-KD2017', 6, '1'),
(3599, 'KI-KD2017', 7, '1'),
(3600, 'KI-KD2017', 8, '1'),
(3601, 'KI-KD2017', 9, '1'),
(3602, 'KI-KD2017', 10, '1'),
(3603, 'KI-KD2017', 11, '1'),
(3604, 'KI-KD2017', 12, '1'),
(3605, 'KI-KD2017', 13, '1'),
(3606, 'KI-KD2017', 14, '1'),
(3607, 'KI-KD2017', 15, '1'),
(3608, 'KI-KD2017', 16, '1'),
(3609, 'KI-KD2017', 17, '1'),
(3610, 'KI-KD2017', 18, '1'),
(3611, 'KI-KD2017', 19, '1'),
(3612, 'KI-KD2017', 20, '1'),
(3613, 'KI-KD2017', 21, '1'),
(3614, 'KI-KD2017', 22, '1'),
(3615, 'KI-KD2017', 23, '1'),
(3616, 'KI-KD2017', 24, '1'),
(3617, 'KI-KD2017', 25, '1'),
(3618, 'KI-KD2017', 26, '1'),
(3619, 'KI-KD2017', 27, '1'),
(3620, 'KI-KD2017', 28, '1'),
(3621, 'KI-KD2017', 29, '1'),
(3622, 'KI-KD2017', 30, '1'),
(3623, 'KI-KD2017', 31, '1'),
(3624, 'KI-KD2017', 32, '1'),
(3625, 'KI-KD2017', 33, '1'),
(3626, 'KI-KD2017', 34, '1'),
(3627, 'KI-KD2017', 35, '1'),
(3628, 'KI-KD2017', 36, '1'),
(3629, 'KI-KD2017', 37, '1'),
(3630, 'KI-KD2017', 38, '1'),
(3631, 'KI-KD2017', 39, '1'),
(3632, 'KI-KD2017', 40, '1'),
(3633, 'KI-KD2017', 41, '1'),
(3634, 'KI-KD2017', 42, '1'),
(3635, 'KI-KD2017', 43, '1'),
(3636, 'KI-KD2017', 44, '1'),
(3637, 'KI-KD2017', 45, '1'),
(3638, 'KI-KD2017', 46, '1'),
(3639, 'KI-KD2017', 47, '1'),
(3640, 'KI-KD2017', 48, '1'),
(3641, 'KI-KD2017', 49, '1'),
(3642, 'KI-KD2017', 50, '1'),
(3643, 'KI-KD2017', 51, '1'),
(3644, 'KI-KD2017', 52, '1'),
(3645, 'KI-KD2017', 53, '1'),
(3646, 'KI-KD2017', 54, '1'),
(3647, 'KI-KD2017', 55, '1'),
(3648, 'KI-KD2017', 56, '1'),
(3649, 'KI-KD2017', 57, '1'),
(3650, 'KI-KD2017', 58, '1'),
(3651, 'KI-KD2017', 59, '1'),
(3652, 'KI-KD2017', 60, '1'),
(3653, 'KI-KD2017', 61, '1'),
(3654, 'KI-KD2017', 62, '1'),
(3655, 'KI-KD2017', 63, '1'),
(3656, 'KI-KD2017', 64, '1'),
(3657, 'KI-KD2017', 65, '1'),
(3658, 'KI-KD2017', 66, '1'),
(3659, 'KI-KD2017', 67, '1'),
(3660, 'KI-KD2017', 68, '1'),
(3661, 'KI-KD2017', 69, '1'),
(3662, 'KI-KD2017', 70, '1'),
(3663, 'KI-KD2017', 71, '1'),
(3664, 'KI-KD2017', 72, '1'),
(3665, 'KI-KD2017', 73, '1'),
(3666, 'KI-KD2017', 74, '1'),
(3667, 'KI-KD2017', 75, '1'),
(3668, 'KI-KD2017', 76, '1'),
(3669, 'KI-KD2017', 77, '1'),
(3670, 'KI-KD2017', 78, '1'),
(3671, 'KI-KD2017', 79, '1'),
(3672, 'KI-KD2017', 80, '1'),
(3673, 'KI-KD2017', 81, '1'),
(3674, 'KI-KD2017', 82, '1'),
(3675, 'KI-KD2017', 83, '1'),
(3676, 'KI-KD2017', 84, '1'),
(3677, 'KI-KD2017', 85, '1'),
(3678, 'KI-KD2017', 86, '1'),
(3679, 'KI-KD2017', 87, '1'),
(3680, 'KI-KD2017', 88, '1'),
(3681, 'KI-KD2017', 89, '1'),
(3682, 'KI-KD2017', 90, '1'),
(3683, 'KI-KD2017', 91, '1'),
(3684, 'KI-KD2017', 92, '1'),
(3685, 'KI-KD2017', 93, '1'),
(3686, 'KI-KD2017', 94, '1'),
(3687, 'KI-KD2017', 95, '1'),
(3688, 'KI-KD2017', 96, '1'),
(3689, 'KI-KD2017', 97, '1'),
(3690, 'KI-KD2017', 98, '1'),
(3691, 'KI-KD2017', 99, '1'),
(3692, 'KI-KD2017', 100, '1'),
(3693, 'KI-KD2018', 1, '1'),
(3694, 'KI-KD2018', 2, '1'),
(3695, 'KI-KD2018', 3, '1'),
(3696, 'KI-KD2018', 4, '1'),
(3697, 'KI-KD2018', 5, '1'),
(3698, 'KI-KD2018', 6, '1'),
(3699, 'KI-KD2018', 7, '1'),
(3700, 'KI-KD2018', 8, '1'),
(3701, 'KI-KD2018', 9, '1'),
(3702, 'KI-KD2018', 10, '1'),
(3703, 'KI-KD2018', 11, '1'),
(3704, 'KI-KD2018', 12, '1'),
(3705, 'KI-KD2018', 13, '1'),
(3706, 'KI-KD2018', 14, '1'),
(3707, 'KI-KD2018', 15, '1'),
(3708, 'KI-KD2018', 16, '1'),
(3709, 'KI-KD2018', 17, '1'),
(3710, 'KI-KD2018', 18, '1'),
(3711, 'KI-KD2018', 19, '1'),
(3712, 'KI-KD2018', 20, '1'),
(3713, 'KI-KD2018', 21, '1'),
(3714, 'KI-KD2018', 22, '1'),
(3715, 'KI-KD2018', 23, '1'),
(3716, 'KI-KD2018', 24, '1'),
(3717, 'KI-KD2018', 25, '1'),
(3718, 'KI-KD2018', 26, '1'),
(3719, 'KI-KD2018', 27, '1'),
(3720, 'KI-KD2018', 28, '1'),
(3721, 'KI-KD2018', 29, '1'),
(3722, 'KI-KD2018', 30, '1'),
(3723, 'KI-KD2018', 31, '1'),
(3724, 'KI-KD2018', 32, '1'),
(3725, 'KI-KD2018', 33, '1'),
(3726, 'KI-KD2018', 34, '1'),
(3727, 'KI-KD2018', 35, '1'),
(3728, 'KI-KD2018', 36, '1'),
(3729, 'KI-KD2018', 37, '1'),
(3730, 'KI-KD2018', 38, '1'),
(3731, 'KI-KD2018', 39, '1'),
(3732, 'KI-KD2018', 40, '1'),
(3733, 'KI-KD2018', 41, '1'),
(3734, 'KI-KD2018', 42, '1'),
(3735, 'KI-KD2018', 43, '1'),
(3736, 'KI-KD2018', 44, '1'),
(3737, 'KI-KD2018', 45, '1'),
(3738, 'KI-KD2018', 46, '1'),
(3739, 'KI-KD2018', 47, '1'),
(3740, 'KI-KD2018', 48, '1'),
(3741, 'KI-KD2018', 49, '1'),
(3742, 'KI-KD2018', 50, '1'),
(3743, 'KI-KD2018', 51, '1'),
(3744, 'KI-KD2018', 52, '1'),
(3745, 'KI-KD2018', 53, '1'),
(3746, 'KI-KD2018', 54, '1'),
(3747, 'KI-KD2018', 55, '1'),
(3748, 'KI-KD2018', 56, '1'),
(3749, 'KI-KD2018', 57, '1'),
(3750, 'KI-KD2018', 58, '1'),
(3751, 'KI-KD2018', 59, '1'),
(3752, 'KI-KD2018', 60, '1'),
(3753, 'KI-KD2018', 61, '1'),
(3754, 'KI-KD2018', 62, '1'),
(3755, 'KI-KD2018', 63, '1'),
(3756, 'KI-KD2018', 64, '1'),
(3757, 'KI-KD2018', 65, '1'),
(3758, 'KI-KD2018', 66, '1'),
(3759, 'KI-KD2018', 67, '1'),
(3760, 'KI-KD2018', 68, '1'),
(3761, 'KI-KD2018', 69, '1'),
(3762, 'KI-KD2018', 70, '1'),
(3763, 'KI-KD2018', 71, '1'),
(3764, 'KI-KD2018', 72, '1'),
(3765, 'KI-KD2018', 73, '1'),
(3766, 'KI-KD2018', 74, '1'),
(3767, 'KI-KD2018', 75, '1'),
(3768, 'KI-KD2018', 76, '1'),
(3769, 'KI-KD2018', 77, '1'),
(3770, 'KI-KD2018', 78, '1'),
(3771, 'KI-KD2018', 79, '1'),
(3772, 'KI-KD2018', 80, '1'),
(3773, 'KI-KD2018', 81, '1'),
(3774, 'KI-KD2018', 82, '1'),
(3775, 'KI-KD2018', 83, '1'),
(3776, 'KI-KD2018', 84, '1'),
(3777, 'KI-KD2018', 85, '1'),
(3778, 'KI-KD2018', 86, '1'),
(3779, 'KI-KD2018', 87, '1'),
(3780, 'KI-KD2018', 88, '1'),
(3781, 'KI-KD2018', 89, '1'),
(3782, 'KI-KD2018', 90, '1'),
(3783, 'KI-KD2018', 91, '1'),
(3784, 'KI-KD2018', 92, '1'),
(3785, 'KI-KD2018', 93, '1'),
(3786, 'KI-KD2018', 94, '1'),
(3787, 'KI-KD2018', 95, '1'),
(3788, 'KI-KD2018', 96, '1'),
(3789, 'KI-KD2018', 97, '1'),
(3790, 'KI-KD2018', 98, '1'),
(3791, 'KI-KD2018', 99, '1'),
(3792, 'KI-KD2018', 100, '1'),
(3893, '9', 1, '1'),
(3894, '9', 2, '1'),
(3895, '9', 3, '1'),
(3896, '9', 4, '1'),
(3897, '9', 5, '1'),
(3898, '9', 6, '1'),
(3899, '9', 7, '1'),
(3900, '9', 8, '1'),
(3901, '9', 9, '1'),
(3902, '9', 10, '1'),
(3903, '9', 11, '1'),
(3904, '9', 12, '1'),
(3905, '9', 13, '1'),
(3906, '9', 14, '1'),
(3907, '9', 15, '1'),
(3908, '9', 16, '1'),
(3909, '9', 17, '1'),
(3910, '9', 18, '1'),
(3911, '9', 19, '1'),
(3912, '9', 20, '1'),
(3913, '9', 21, '1'),
(3914, '9', 22, '1'),
(3915, '9', 23, '1'),
(3916, '9', 24, '1'),
(3917, '9', 25, '1'),
(3918, '9', 26, '1'),
(3919, '9', 27, '1'),
(3920, '9', 28, '1'),
(3921, '9', 29, '1'),
(3922, '9', 30, '1'),
(3923, '9', 31, '1'),
(3924, '9', 32, '1'),
(3925, '9', 33, '1'),
(3926, '9', 34, '1'),
(3927, '9', 35, '1'),
(3928, '9', 36, '1'),
(3929, '9', 37, '1'),
(3930, '9', 38, '1'),
(3931, '9', 39, '1'),
(3932, '9', 40, '1'),
(3933, '9', 41, '1'),
(3934, '9', 42, '1'),
(3935, '9', 43, '1'),
(3936, '9', 44, '1'),
(3937, '9', 45, '1'),
(3938, '9', 46, '1'),
(3939, '9', 47, '1'),
(3940, '9', 48, '1'),
(3941, '9', 49, '1'),
(3942, '9', 50, '1'),
(3943, '9', 51, '1'),
(3944, '9', 52, '1'),
(3945, '9', 53, '1'),
(3946, '9', 54, '1'),
(3947, '9', 55, '1'),
(3948, '9', 56, '1'),
(3949, '9', 57, '1'),
(3950, '9', 58, '1'),
(3951, '9', 59, '1'),
(3952, '9', 60, '1'),
(3953, '9', 61, '1'),
(3954, '9', 62, '1'),
(3955, '9', 63, '1'),
(3956, '9', 64, '1'),
(3957, '9', 65, '1'),
(3958, '9', 66, '1'),
(3959, '9', 67, '1'),
(3960, '9', 68, '1'),
(3961, '9', 69, '1'),
(3962, '9', 70, '1'),
(3963, '9', 71, '1'),
(3964, '9', 72, '1'),
(3965, '9', 73, '1'),
(3966, '9', 74, '1'),
(3967, '9', 75, '1'),
(3968, '9', 76, '1'),
(3969, '9', 77, '1'),
(3970, '9', 78, '1'),
(3971, '9', 79, '1'),
(3972, '9', 80, '1'),
(3973, '9', 81, '1'),
(3974, '9', 82, '1'),
(3975, '9', 83, '1'),
(3976, '9', 84, '1'),
(3977, '9', 85, '1'),
(3978, '9', 86, '1'),
(3979, '9', 87, '1'),
(3980, '9', 88, '1'),
(3981, '9', 89, '1'),
(3982, '9', 90, '1'),
(3983, '9', 91, '1'),
(3984, '9', 92, '1'),
(3985, '9', 93, '1'),
(3986, '9', 94, '1'),
(3987, '9', 95, '1'),
(3988, '9', 96, '1'),
(3989, '9', 97, '1'),
(3990, '9', 98, '1'),
(3991, '9', 99, '1'),
(3992, '9', 100, '1'),
(3993, '10', 1, '1'),
(3994, '10', 2, '1'),
(3995, '10', 3, '1'),
(3996, '10', 4, '1'),
(3997, '10', 5, '1'),
(3998, '10', 6, '1'),
(3999, '10', 7, '1'),
(4000, '10', 8, '1'),
(4001, '10', 9, '1'),
(4002, '10', 10, '1'),
(4003, '10', 11, '1'),
(4004, '10', 12, '1'),
(4005, '10', 13, '1'),
(4006, '10', 14, '1'),
(4007, '10', 15, '1'),
(4008, '10', 16, '1'),
(4009, '10', 17, '1'),
(4010, '10', 18, '1'),
(4011, '10', 19, '1'),
(4012, '10', 20, '1'),
(4013, '10', 21, '1'),
(4014, '10', 22, '1'),
(4015, '10', 23, '1'),
(4016, '10', 24, '1'),
(4017, '10', 25, '1'),
(4018, '10', 26, '1'),
(4019, '10', 27, '1'),
(4020, '10', 28, '1'),
(4021, '10', 29, '1'),
(4022, '10', 30, '1'),
(4023, '10', 31, '1'),
(4024, '10', 32, '1'),
(4025, '10', 33, '1'),
(4026, '10', 34, '1'),
(4027, '10', 35, '1'),
(4028, '10', 36, '1'),
(4029, '10', 37, '1'),
(4030, '10', 38, '1'),
(4031, '10', 39, '1'),
(4032, '10', 40, '1'),
(4033, '10', 41, '1'),
(4034, '10', 42, '1'),
(4035, '10', 43, '1'),
(4036, '10', 44, '1'),
(4037, '10', 45, '1'),
(4038, '10', 46, '1'),
(4039, '10', 47, '1'),
(4040, '10', 48, '1'),
(4041, '10', 49, '1'),
(4042, '10', 50, '1'),
(4043, '10', 51, '1'),
(4044, '10', 52, '1'),
(4045, '10', 53, '1'),
(4046, '10', 54, '1'),
(4047, '10', 55, '1'),
(4048, '10', 56, '1'),
(4049, '10', 57, '1'),
(4050, '10', 58, '1'),
(4051, '10', 59, '1'),
(4052, '10', 60, '1'),
(4053, '10', 61, '1'),
(4054, '10', 62, '1'),
(4055, '10', 63, '1'),
(4056, '10', 64, '1'),
(4057, '10', 65, '1'),
(4058, '10', 66, '1'),
(4059, '10', 67, '1'),
(4060, '10', 68, '1'),
(4061, '10', 69, '1'),
(4062, '10', 70, '1'),
(4063, '10', 71, '1'),
(4064, '10', 72, '1'),
(4065, '10', 73, '1'),
(4066, '10', 74, '1'),
(4067, '10', 75, '1'),
(4068, '10', 76, '1'),
(4069, '10', 77, '1'),
(4070, '10', 78, '1'),
(4071, '10', 79, '1'),
(4072, '10', 80, '1'),
(4073, '10', 81, '1'),
(4074, '10', 82, '1'),
(4075, '10', 83, '1'),
(4076, '10', 84, '1'),
(4077, '10', 85, '1'),
(4078, '10', 86, '1'),
(4079, '10', 87, '1'),
(4080, '10', 88, '1'),
(4081, '10', 89, '1'),
(4082, '10', 90, '1'),
(4083, '10', 91, '1'),
(4084, '10', 92, '1'),
(4085, '10', 93, '1'),
(4086, '10', 94, '1'),
(4087, '10', 95, '1'),
(4088, '10', 96, '1'),
(4089, '10', 97, '1'),
(4090, '10', 98, '1'),
(4091, '10', 99, '1'),
(4092, '10', 100, '1'),
(4093, '6', 1, '1'),
(4094, '6', 2, '1'),
(4095, '6', 3, '1'),
(4096, '6', 4, '1'),
(4097, '6', 5, '1'),
(4098, '6', 6, '1'),
(4099, '6', 7, '1'),
(4100, '6', 8, '1'),
(4101, '6', 9, '1'),
(4102, '6', 10, '1'),
(4103, '6', 11, '1'),
(4104, '6', 12, '1'),
(4105, '6', 13, '1'),
(4106, '6', 14, '1'),
(4107, '6', 15, '1'),
(4108, '6', 16, '1'),
(4109, '6', 17, '1'),
(4110, '6', 18, '1'),
(4111, '6', 19, '1'),
(4112, '6', 20, '1'),
(4113, '6', 21, '1'),
(4114, '6', 22, '1'),
(4115, '6', 23, '1'),
(4116, '6', 24, '1'),
(4117, '6', 25, '1'),
(4118, '6', 26, '1'),
(4119, '6', 27, '1'),
(4120, '6', 28, '1'),
(4121, '6', 29, '1'),
(4122, '6', 30, '1'),
(4123, '6', 31, '1'),
(4124, '6', 32, '1'),
(4125, '6', 33, '1'),
(4126, '6', 34, '1'),
(4127, '6', 35, '1'),
(4128, '6', 36, '1'),
(4129, '6', 37, '1'),
(4130, '6', 38, '1'),
(4131, '6', 39, '1'),
(4132, '6', 40, '1'),
(4133, '6', 41, '1'),
(4134, '6', 42, '1'),
(4135, '6', 43, '1'),
(4136, '6', 44, '1'),
(4137, '6', 45, '1'),
(4138, '6', 46, '1'),
(4139, '6', 47, '1'),
(4140, '6', 48, '1'),
(4141, '6', 49, '1'),
(4142, '6', 50, '1'),
(4143, '6', 51, '1'),
(4144, '6', 52, '1'),
(4145, '6', 53, '1'),
(4146, '6', 54, '1'),
(4147, '6', 55, '1'),
(4148, '6', 56, '1'),
(4149, '6', 57, '1'),
(4150, '6', 58, '1'),
(4151, '6', 59, '1'),
(4152, '6', 60, '1'),
(4153, '6', 61, '1'),
(4154, '6', 62, '1'),
(4155, '6', 63, '1'),
(4156, '6', 64, '1'),
(4157, '6', 65, '1'),
(4158, '6', 66, '1'),
(4159, '6', 67, '1'),
(4160, '6', 68, '1'),
(4161, '6', 69, '1'),
(4162, '6', 70, '1'),
(4163, '6', 71, '1'),
(4164, '6', 72, '1'),
(4165, '6', 73, '1'),
(4166, '6', 74, '1'),
(4167, '6', 75, '1'),
(4168, '6', 76, '1'),
(4169, '6', 77, '1'),
(4170, '6', 78, '1'),
(4171, '6', 79, '1'),
(4172, '6', 80, '1'),
(4173, '6', 81, '1'),
(4174, '6', 82, '1'),
(4175, '6', 83, '1'),
(4176, '6', 84, '1'),
(4177, '6', 85, '1'),
(4178, '6', 86, '1'),
(4179, '6', 87, '1'),
(4180, '6', 88, '1'),
(4181, '6', 89, '1'),
(4182, '6', 90, '1'),
(4183, '6', 91, '1'),
(4184, '6', 92, '1'),
(4185, '6', 93, '1'),
(4186, '6', 94, '1'),
(4187, '6', 95, '1'),
(4188, '6', 96, '1'),
(4189, '6', 97, '1'),
(4190, '6', 98, '1'),
(4191, '6', 99, '1'),
(4192, '6', 100, '1'),
(4193, '11', 1, '1'),
(4194, '11', 2, '1'),
(4195, '11', 3, '1'),
(4196, '11', 4, '1'),
(4197, '11', 5, '1'),
(4198, '11', 6, '1'),
(4199, '11', 7, '1'),
(4200, '11', 8, '1'),
(4201, '11', 9, '1'),
(4202, '11', 10, '1'),
(4203, '11', 11, '1'),
(4204, '11', 12, '1'),
(4205, '11', 13, '1'),
(4206, '11', 14, '1'),
(4207, '11', 15, '1'),
(4208, '11', 16, '1'),
(4209, '11', 17, '1'),
(4210, '11', 18, '1'),
(4211, '11', 19, '1'),
(4212, '11', 20, '1'),
(4213, '11', 21, '1'),
(4214, '11', 22, '1'),
(4215, '11', 23, '1'),
(4216, '11', 24, '1'),
(4217, '11', 25, '1'),
(4218, '11', 26, '1'),
(4219, '11', 27, '1'),
(4220, '11', 28, '1'),
(4221, '11', 29, '1'),
(4222, '11', 30, '1'),
(4223, '11', 31, '1'),
(4224, '11', 32, '1'),
(4225, '11', 33, '1'),
(4226, '11', 34, '1'),
(4227, '11', 35, '1'),
(4228, '11', 36, '1'),
(4229, '11', 37, '1'),
(4230, '11', 38, '1'),
(4231, '11', 39, '1'),
(4232, '11', 40, '1'),
(4233, '11', 41, '1'),
(4234, '11', 42, '1'),
(4235, '11', 43, '1'),
(4236, '11', 44, '1'),
(4237, '11', 45, '1'),
(4238, '11', 46, '1'),
(4239, '11', 47, '1'),
(4240, '11', 48, '1'),
(4241, '11', 49, '1'),
(4242, '11', 50, '1'),
(4243, '11', 51, '1'),
(4244, '11', 52, '1'),
(4245, '11', 53, '1'),
(4246, '11', 54, '1'),
(4247, '11', 55, '1'),
(4248, '11', 56, '1'),
(4249, '11', 57, '1'),
(4250, '11', 58, '1'),
(4251, '11', 59, '1'),
(4252, '11', 60, '1'),
(4253, '11', 61, '1'),
(4254, '11', 62, '1'),
(4255, '11', 63, '1'),
(4256, '11', 64, '1'),
(4257, '11', 65, '1'),
(4258, '11', 66, '1'),
(4259, '11', 67, '1'),
(4260, '11', 68, '1'),
(4261, '11', 69, '1'),
(4262, '11', 70, '1'),
(4263, '11', 71, '1'),
(4264, '11', 72, '1'),
(4265, '11', 73, '1'),
(4266, '11', 74, '1'),
(4267, '11', 75, '1'),
(4268, '11', 76, '1'),
(4269, '11', 77, '1'),
(4270, '11', 78, '1'),
(4271, '11', 79, '1'),
(4272, '11', 80, '1'),
(4273, '11', 81, '1'),
(4274, '11', 82, '1'),
(4275, '11', 83, '1'),
(4276, '11', 84, '1'),
(4277, '11', 85, '1'),
(4278, '11', 86, '1'),
(4279, '11', 87, '1'),
(4280, '11', 88, '1'),
(4281, '11', 89, '1'),
(4282, '11', 90, '1'),
(4283, '11', 91, '1'),
(4284, '11', 92, '1'),
(4285, '11', 93, '1'),
(4286, '11', 94, '1'),
(4287, '11', 95, '1'),
(4288, '11', 96, '1'),
(4289, '11', 97, '1'),
(4290, '11', 98, '1'),
(4291, '11', 99, '1'),
(4292, '11', 100, '1'),
(4293, '320', 1, '1'),
(4294, '320', 2, '1'),
(4295, '320', 3, '1'),
(4296, '320', 4, '1'),
(4297, '320', 5, '1'),
(4298, '320', 6, '1'),
(4299, '320', 7, '1'),
(4300, '320', 8, '1'),
(4301, '320', 9, '1'),
(4302, '320', 10, '1'),
(4303, '320', 11, '1'),
(4304, '320', 12, '1'),
(4305, '320', 13, '1'),
(4306, '320', 14, '1'),
(4307, '320', 15, '1'),
(4308, '320', 16, '1'),
(4309, '320', 17, '1'),
(4310, '320', 18, '1'),
(4311, '320', 19, '1'),
(4312, '320', 20, '1'),
(4313, '320', 21, '1'),
(4314, '320', 22, '1'),
(4315, '320', 23, '1'),
(4316, '320', 24, '1'),
(4317, '320', 25, '1'),
(4318, '320', 26, '1'),
(4319, '320', 27, '1'),
(4320, '320', 28, '1'),
(4321, '320', 29, '1'),
(4322, '320', 30, '1'),
(4323, '320', 31, '1'),
(4324, '320', 32, '1'),
(4325, '320', 33, '1'),
(4326, '320', 34, '1'),
(4327, '320', 35, '1'),
(4328, '320', 36, '1'),
(4329, '320', 37, '1'),
(4330, '320', 38, '1'),
(4331, '320', 39, '1'),
(4332, '320', 40, '1'),
(4333, '320', 41, '1'),
(4334, '320', 42, '1'),
(4335, '320', 43, '1'),
(4336, '320', 44, '1'),
(4337, '320', 45, '1'),
(4338, '320', 46, '1'),
(4339, '320', 47, '1'),
(4340, '320', 48, '1'),
(4341, '320', 49, '1'),
(4342, '320', 50, '1'),
(4343, '700', 1, '1'),
(4344, '700', 2, '1'),
(4345, '700', 3, '1'),
(4346, '700', 4, '1'),
(4347, '700', 5, '1'),
(4348, '700', 6, '1'),
(4349, '700', 7, '1'),
(4350, '700', 8, '1'),
(4351, '700', 9, '1'),
(4352, '700', 10, '1'),
(4353, '700', 11, '1'),
(4354, '700', 12, '1'),
(4355, '700', 13, '1'),
(4356, '700', 14, '1'),
(4357, '700', 15, '1'),
(4358, '700', 16, '1'),
(4359, '700', 17, '1'),
(4360, '700', 18, '1'),
(4361, '700', 19, '1'),
(4362, '700', 20, '1'),
(4363, '700', 21, '1'),
(4364, '700', 22, '1'),
(4365, '700', 23, '1'),
(4366, '700', 24, '1'),
(4367, '700', 25, '1'),
(4368, '700', 26, '1'),
(4369, '700', 27, '1'),
(4370, '700', 28, '1'),
(4371, '700', 29, '1'),
(4372, '700', 30, '1'),
(4373, '700', 31, '1'),
(4374, '700', 32, '1'),
(4375, '700', 33, '1'),
(4376, '700', 34, '1'),
(4377, '700', 35, '1'),
(4378, '700', 36, '1'),
(4379, '700', 37, '1'),
(4380, '700', 38, '1'),
(4381, '700', 39, '1'),
(4382, '700', 40, '1'),
(4383, '700', 41, '1'),
(4384, '700', 42, '1'),
(4385, '700', 43, '1'),
(4386, '700', 44, '1'),
(4387, '700', 45, '1'),
(4388, '700', 46, '1'),
(4389, '700', 47, '1'),
(4390, '700', 48, '1'),
(4391, '700', 49, '1'),
(4392, '700', 50, '1'),
(4393, '700', 51, '1'),
(4394, '700', 52, '1'),
(4395, '700', 53, '1'),
(4396, '700', 54, '1'),
(4397, '700', 55, '1'),
(4398, '700', 56, '1'),
(4399, '700', 57, '1'),
(4400, '700', 58, '1'),
(4401, '700', 59, '1'),
(4402, '700', 60, '1'),
(4403, '700', 61, '1'),
(4404, '700', 62, '1'),
(4405, '700', 63, '1'),
(4406, '700', 64, '1'),
(4407, '700', 65, '1'),
(4408, '700', 66, '1'),
(4409, '700', 67, '1'),
(4410, '700', 68, '1'),
(4411, '700', 69, '1'),
(4412, '700', 70, '1'),
(4413, '700', 71, '1'),
(4414, '700', 72, '1'),
(4415, '700', 73, '1'),
(4416, '700', 74, '1'),
(4417, '700', 75, '1'),
(4418, '700', 76, '1'),
(4419, '700', 77, '1'),
(4420, '700', 78, '1'),
(4421, '700', 79, '1'),
(4422, '700', 80, '1'),
(4423, '700', 81, '1'),
(4424, '700', 82, '1'),
(4425, '700', 83, '1'),
(4426, '700', 84, '1'),
(4427, '700', 85, '1'),
(4428, '700', 86, '1'),
(4429, '700', 87, '1'),
(4430, '700', 88, '1'),
(4431, '700', 89, '1'),
(4432, '700', 90, '1'),
(4433, '700', 91, '1'),
(4434, '700', 92, '1'),
(4435, '700', 93, '1'),
(4436, '700', 94, '1'),
(4437, '700', 95, '1'),
(4438, '700', 96, '1'),
(4439, '700', 97, '1'),
(4440, '700', 98, '1'),
(4441, '700', 99, '1'),
(4442, '700', 100, '1'),
(4443, '400', 1, '1'),
(4444, '400', 2, '1'),
(4445, '400', 3, '1'),
(4446, '400', 4, '1'),
(4447, '400', 5, '1'),
(4448, '400', 6, '1'),
(4449, '400', 7, '1'),
(4450, '400', 8, '1'),
(4451, '400', 9, '1'),
(4452, '400', 10, '1'),
(4453, '400', 11, '1'),
(4454, '400', 12, '1'),
(4455, '400', 13, '1'),
(4456, '400', 14, '1'),
(4457, '400', 15, '1'),
(4458, '400', 16, '1'),
(4459, '400', 17, '1'),
(4460, '400', 18, '1'),
(4461, '400', 19, '1'),
(4462, '400', 20, '1'),
(4463, '400', 21, '1'),
(4464, '400', 22, '1'),
(4465, '400', 23, '1'),
(4466, '400', 24, '1'),
(4467, '400', 25, '1'),
(4468, '400', 26, '1'),
(4469, '400', 27, '1'),
(4470, '400', 28, '1'),
(4471, '400', 29, '1'),
(4472, '400', 30, '1'),
(4473, '400', 31, '1'),
(4474, '400', 32, '1'),
(4475, '400', 33, '1'),
(4476, '400', 34, '1'),
(4477, '400', 35, '1'),
(4478, '400', 36, '1'),
(4479, '400', 37, '1'),
(4480, '400', 38, '1'),
(4481, '400', 39, '1'),
(4482, '400', 40, '1'),
(4483, '400', 41, '1'),
(4484, '400', 42, '1'),
(4485, '400', 43, '1'),
(4486, '400', 44, '1'),
(4487, '400', 45, '1'),
(4488, '400', 46, '1'),
(4489, '400', 47, '1'),
(4490, '400', 48, '1'),
(4491, '400', 49, '1'),
(4492, '400', 50, '1'),
(4493, '400', 51, '1'),
(4494, '400', 52, '1'),
(4495, '400', 53, '1'),
(4496, '400', 54, '1'),
(4497, '400', 55, '1'),
(4498, '400', 56, '1'),
(4499, '400', 57, '1'),
(4500, '400', 58, '1'),
(4501, '400', 59, '1'),
(4502, '400', 60, '1'),
(4503, '400', 61, '1'),
(4504, '400', 62, '1'),
(4505, '400', 63, '1'),
(4506, '400', 64, '1'),
(4507, '400', 65, '1'),
(4508, '400', 66, '1'),
(4509, '400', 67, '1'),
(4510, '400', 68, '1'),
(4511, '400', 69, '1'),
(4512, '400', 70, '1'),
(4513, '400', 71, '1'),
(4514, '400', 72, '1'),
(4515, '400', 73, '1'),
(4516, '400', 74, '1'),
(4517, '400', 75, '1'),
(4518, '400', 76, '1'),
(4519, '400', 77, '1'),
(4520, '400', 78, '1'),
(4521, '400', 79, '1'),
(4522, '400', 80, '1'),
(4523, '400', 81, '1'),
(4524, '400', 82, '1'),
(4525, '400', 83, '1'),
(4526, '400', 84, '1'),
(4527, '400', 85, '1'),
(4528, '400', 86, '1'),
(4529, '400', 87, '1'),
(4530, '400', 88, '1'),
(4531, '400', 89, '1'),
(4532, '400', 90, '1'),
(4533, '400', 91, '1'),
(4534, '400', 92, '1'),
(4535, '400', 93, '1'),
(4536, '400', 94, '1'),
(4537, '400', 95, '1'),
(4538, '400', 96, '1'),
(4539, '400', 97, '1'),
(4540, '400', 98, '1'),
(4541, '400', 99, '1'),
(4542, '400', 100, '1'),
(4643, '510', 1, '1'),
(4644, '510', 2, '1'),
(4645, '510', 3, '1'),
(4646, '510', 4, '1'),
(4647, '510', 5, '1'),
(4648, '510', 6, '1'),
(4649, '510', 7, '1'),
(4650, '510', 8, '1'),
(4651, '510', 9, '1'),
(4652, '510', 10, '1'),
(4653, '510', 11, '1'),
(4654, '510', 12, '1'),
(4655, '510', 13, '1'),
(4656, '510', 14, '1'),
(4657, '510', 15, '1'),
(4658, '510', 16, '1'),
(4659, '510', 17, '1'),
(4660, '510', 18, '1'),
(4661, '510', 19, '1'),
(4662, '510', 20, '1'),
(4663, '510', 21, '1'),
(4664, '510', 22, '1'),
(4665, '510', 23, '1'),
(4666, '510', 24, '1'),
(4667, '510', 25, '1'),
(4668, '510', 26, '1'),
(4669, '510', 27, '1'),
(4670, '510', 28, '1'),
(4671, '510', 29, '1'),
(4672, '510', 30, '1'),
(4673, '510', 31, '1'),
(4674, '510', 32, '1'),
(4675, '510', 33, '1'),
(4676, '510', 34, '1'),
(4677, '510', 35, '1'),
(4678, '510', 36, '1'),
(4679, '510', 37, '1'),
(4680, '510', 38, '1'),
(4681, '510', 39, '1'),
(4682, '510', 40, '1'),
(4683, '510', 41, '1'),
(4684, '510', 42, '1'),
(4685, '510', 43, '1'),
(4686, '510', 44, '1'),
(4687, '510', 45, '1'),
(4688, '510', 46, '1'),
(4689, '510', 47, '1'),
(4690, '510', 48, '1'),
(4691, '510', 49, '1'),
(4692, '510', 50, '1'),
(4693, '510', 51, '1'),
(4694, '510', 52, '1'),
(4695, '510', 53, '1'),
(4696, '510', 54, '1'),
(4697, '510', 55, '1'),
(4698, '510', 56, '1'),
(4699, '510', 57, '1'),
(4700, '510', 58, '1'),
(4701, '510', 59, '1'),
(4702, '510', 60, '1'),
(4703, '510', 61, '1'),
(4704, '510', 62, '1'),
(4705, '510', 63, '1'),
(4706, '510', 64, '1'),
(4707, '510', 65, '1'),
(4708, '510', 66, '1'),
(4709, '510', 67, '1'),
(4710, '510', 68, '1'),
(4711, '510', 69, '1'),
(4712, '510', 70, '1'),
(4713, '510', 71, '1'),
(4714, '510', 72, '1'),
(4715, '510', 73, '1'),
(4716, '510', 74, '1'),
(4717, '510', 75, '1'),
(4718, '510', 76, '1'),
(4719, '510', 77, '1'),
(4720, '510', 78, '1'),
(4721, '510', 79, '1'),
(4722, '510', 80, '1'),
(4723, '510', 81, '1'),
(4724, '510', 82, '1'),
(4725, '510', 83, '1'),
(4726, '510', 84, '1'),
(4727, '510', 85, '1'),
(4728, '510', 86, '1'),
(4729, '510', 87, '1'),
(4730, '510', 88, '1'),
(4731, '510', 89, '1'),
(4732, '510', 90, '1'),
(4733, '510', 91, '1'),
(4734, '510', 92, '1'),
(4735, '510', 93, '1'),
(4736, '510', 94, '1'),
(4737, '510', 95, '1'),
(4738, '510', 96, '1'),
(4739, '510', 97, '1'),
(4740, '510', 98, '1'),
(4741, '510', 99, '1'),
(4742, '510', 100, '1'),
(4743, 'KI-KD2013', 1, '1'),
(4744, 'KI-KD2013', 2, '1'),
(4745, 'KI-KD2013', 3, '1'),
(4746, 'KI-KD2013', 4, '1'),
(4747, 'KI-KD2013', 5, '1'),
(4748, 'KI-KD2013', 6, '1'),
(4749, 'KI-KD2013', 7, '1'),
(4750, 'KI-KD2013', 8, '1'),
(4751, 'KI-KD2013', 9, '1'),
(4752, 'KI-KD2013', 10, '1'),
(4753, 'KI-KD2013', 11, '1'),
(4754, 'KI-KD2013', 12, '1'),
(4755, 'KI-KD2013', 13, '1'),
(4756, 'KI-KD2013', 14, '1'),
(4757, 'KI-KD2013', 15, '1'),
(4758, 'KI-KD2013', 16, '1'),
(4759, 'KI-KD2013', 17, '1'),
(4760, 'KI-KD2013', 18, '1'),
(4761, 'KI-KD2013', 19, '1'),
(4762, 'KI-KD2013', 20, '1'),
(4763, 'KI-KD2013', 21, '1'),
(4764, 'KI-KD2013', 22, '1'),
(4765, 'KI-KD2013', 23, '1'),
(4766, 'KI-KD2013', 24, '1'),
(4767, 'KI-KD2013', 25, '1'),
(4768, 'KI-KD2013', 26, '1'),
(4769, 'KI-KD2013', 27, '1'),
(4770, 'KI-KD2013', 28, '1'),
(4771, 'KI-KD2013', 29, '1'),
(4772, 'KI-KD2013', 30, '1'),
(4773, 'KI-KD2013', 31, '1'),
(4774, 'KI-KD2013', 32, '1'),
(4775, 'KI-KD2013', 33, '1'),
(4776, 'KI-KD2013', 34, '1'),
(4777, 'KI-KD2013', 35, '1'),
(4778, 'KI-KD2013', 36, '1'),
(4779, 'KI-KD2013', 37, '1'),
(4780, 'KI-KD2013', 38, '1'),
(4781, 'KI-KD2013', 39, '1'),
(4782, 'KI-KD2013', 40, '1'),
(4783, 'KI-KD2013', 41, '1'),
(4784, 'KI-KD2013', 42, '1'),
(4785, 'KI-KD2013', 43, '1'),
(4786, 'KI-KD2013', 44, '1'),
(4787, 'KI-KD2013', 45, '1'),
(4788, 'KI-KD2013', 46, '1'),
(4789, 'KI-KD2013', 47, '1'),
(4790, 'KI-KD2013', 48, '1'),
(4791, 'KI-KD2013', 49, '1'),
(4792, 'KI-KD2013', 50, '1'),
(4793, 'KI-KD2013', 51, '1'),
(4794, 'KI-KD2013', 52, '1'),
(4795, 'KI-KD2013', 53, '1'),
(4796, 'KI-KD2013', 54, '1'),
(4797, 'KI-KD2013', 55, '1'),
(4798, 'KI-KD2013', 56, '1'),
(4799, 'KI-KD2013', 57, '1'),
(4800, 'KI-KD2013', 58, '1'),
(4801, 'KI-KD2013', 59, '1'),
(4802, 'KI-KD2013', 60, '1'),
(4803, 'KI-KD2013', 61, '1'),
(4804, 'KI-KD2013', 62, '1'),
(4805, 'KI-KD2013', 63, '1'),
(4806, 'KI-KD2013', 64, '1'),
(4807, 'KI-KD2013', 65, '1'),
(4808, 'KI-KD2013', 66, '1'),
(4809, 'KI-KD2013', 67, '1'),
(4810, 'KI-KD2013', 68, '1'),
(4811, 'KI-KD2013', 69, '1'),
(4812, 'KI-KD2013', 70, '1'),
(4813, 'KI-KD2013', 71, '1'),
(4814, 'KI-KD2013', 72, '1'),
(4815, 'KI-KD2013', 73, '1'),
(4816, 'KI-KD2013', 74, '1'),
(4817, 'KI-KD2013', 75, '1'),
(4818, 'KI-KD2013', 76, '1'),
(4819, 'KI-KD2013', 77, '1'),
(4820, 'KI-KD2013', 78, '1'),
(4821, 'KI-KD2013', 79, '1'),
(4822, 'KI-KD2013', 80, '1'),
(4823, 'KI-KD2013', 81, '1'),
(4824, 'KI-KD2013', 82, '1'),
(4825, 'KI-KD2013', 83, '1'),
(4826, 'KI-KD2013', 84, '1'),
(4827, 'KI-KD2013', 85, '1'),
(4828, 'KI-KD2013', 86, '1'),
(4829, 'KI-KD2013', 87, '1'),
(4830, 'KI-KD2013', 88, '1'),
(4831, 'KI-KD2013', 89, '1'),
(4832, 'KI-KD2013', 90, '1'),
(4833, 'KI-KD2013', 91, '1'),
(4834, 'KI-KD2013', 92, '1'),
(4835, 'KI-KD2013', 93, '1'),
(4836, 'KI-KD2013', 94, '1'),
(4837, 'KI-KD2013', 95, '1'),
(4838, 'KI-KD2013', 96, '1'),
(4839, 'KI-KD2013', 97, '1'),
(4840, 'KI-KD2013', 98, '1'),
(4841, 'KI-KD2013', 99, '1'),
(4842, 'KI-KD2013', 100, '1'),
(4843, '420', 1, '1'),
(4844, '420', 2, '1'),
(4845, '420', 3, '1'),
(4846, '420', 4, '1'),
(4847, '420', 5, '1'),
(4848, '420', 6, '1'),
(4849, '420', 7, '1'),
(4850, '420', 8, '1'),
(4851, '420', 9, '1'),
(4852, '420', 10, '1'),
(4853, '420', 11, '1'),
(4854, '420', 12, '1'),
(4855, '420', 13, '1'),
(4856, '420', 14, '1'),
(4857, '420', 15, '1'),
(4858, '420', 16, '1'),
(4859, '420', 17, '1'),
(4860, '420', 18, '1'),
(4861, '420', 19, '1'),
(4862, '420', 20, '1'),
(4863, '420', 21, '1'),
(4864, '420', 22, '1'),
(4865, '420', 23, '1'),
(4866, '420', 24, '1'),
(4867, '420', 25, '1'),
(4868, '420', 26, '1'),
(4869, '420', 27, '1'),
(4870, '420', 28, '1'),
(4871, '420', 29, '1'),
(4872, '420', 30, '1'),
(4873, '420', 31, '1'),
(4874, '420', 32, '1'),
(4875, '420', 33, '1'),
(4876, '420', 34, '1'),
(4877, '420', 35, '1'),
(4878, '420', 36, '1'),
(4879, '420', 37, '1'),
(4880, '420', 38, '1'),
(4881, '420', 39, '1'),
(4882, '420', 40, '1'),
(4883, '420', 41, '1'),
(4884, '420', 42, '1'),
(4885, '420', 43, '1'),
(4886, '420', 44, '1'),
(4887, '420', 45, '1'),
(4888, '420', 46, '1'),
(4889, '420', 47, '1'),
(4890, '420', 48, '1'),
(4891, '420', 49, '1'),
(4892, '420', 50, '1'),
(4893, '420', 51, '1'),
(4894, '420', 52, '1'),
(4895, '420', 53, '1'),
(4896, '420', 54, '1'),
(4897, '420', 55, '1'),
(4898, '420', 56, '1'),
(4899, '420', 57, '1'),
(4900, '420', 58, '1'),
(4901, '420', 59, '1'),
(4902, '420', 60, '1'),
(4903, '420', 61, '1'),
(4904, '420', 62, '1'),
(4905, '420', 63, '1'),
(4906, '420', 64, '1'),
(4907, '420', 65, '1'),
(4908, '420', 66, '1'),
(4909, '420', 67, '1'),
(4910, '420', 68, '1'),
(4911, '420', 69, '1'),
(4912, '420', 70, '1'),
(4913, '420', 71, '1'),
(4914, '420', 72, '1'),
(4915, '420', 73, '1'),
(4916, '420', 74, '1'),
(4917, '420', 75, '1'),
(4918, '420', 76, '1'),
(4919, '420', 77, '1'),
(4920, '420', 78, '1'),
(4921, '420', 79, '1'),
(4922, '420', 80, '1'),
(4923, '420', 81, '1'),
(4924, '420', 82, '1'),
(4925, '420', 83, '1'),
(4926, '420', 84, '1'),
(4927, '420', 85, '1'),
(4928, '420', 86, '1'),
(4929, '420', 87, '1'),
(4930, '420', 88, '1'),
(4931, '420', 89, '1'),
(4932, '420', 90, '1'),
(4933, '420', 91, '1'),
(4934, '420', 92, '1'),
(4935, '420', 93, '1'),
(4936, '420', 94, '1'),
(4937, '420', 95, '1'),
(4938, '420', 96, '1'),
(4939, '420', 97, '1'),
(4940, '420', 98, '1'),
(4941, '420', 99, '1'),
(4942, '420', 100, '1'),
(5043, 'KI-KD420', 1, '1'),
(5044, 'KI-KD420', 2, '1'),
(5045, 'KI-KD420', 3, '1'),
(5046, 'KI-KD420', 4, '1'),
(5047, 'KI-KD420', 5, '1'),
(5048, 'KI-KD420', 6, '1'),
(5049, 'KI-KD420', 7, '1'),
(5050, 'KI-KD420', 8, '1'),
(5051, 'KI-KD420', 9, '1'),
(5052, 'KI-KD420', 10, '1'),
(5053, 'KI-KD420', 11, '1'),
(5054, 'KI-KD420', 12, '1'),
(5055, 'KI-KD420', 13, '1'),
(5056, 'KI-KD420', 14, '1'),
(5057, 'KI-KD420', 15, '1'),
(5058, 'KI-KD420', 16, '1'),
(5059, 'KI-KD420', 17, '1'),
(5060, 'KI-KD420', 18, '1'),
(5061, 'KI-KD420', 19, '1'),
(5062, 'KI-KD420', 20, '1'),
(5063, 'KI-KD420', 21, '1'),
(5064, 'KI-KD420', 22, '1'),
(5065, 'KI-KD420', 23, '1'),
(5066, 'KI-KD420', 24, '1'),
(5067, 'KI-KD420', 25, '1'),
(5068, 'KI-KD420', 26, '1'),
(5069, 'KI-KD420', 27, '1'),
(5070, 'KI-KD420', 28, '1'),
(5071, 'KI-KD420', 29, '1'),
(5072, 'KI-KD420', 30, '1'),
(5073, 'KI-KD420', 31, '1'),
(5074, 'KI-KD420', 32, '1'),
(5075, 'KI-KD420', 33, '1'),
(5076, 'KI-KD420', 34, '1'),
(5077, 'KI-KD420', 35, '1'),
(5078, 'KI-KD420', 36, '1'),
(5079, 'KI-KD420', 37, '1'),
(5080, 'KI-KD420', 38, '1'),
(5081, 'KI-KD420', 39, '1'),
(5082, 'KI-KD420', 40, '1'),
(5083, 'KI-KD420', 41, '1'),
(5084, 'KI-KD420', 42, '1'),
(5085, 'KI-KD420', 43, '1'),
(5086, 'KI-KD420', 44, '1'),
(5087, 'KI-KD420', 45, '1'),
(5088, 'KI-KD420', 46, '1'),
(5089, 'KI-KD420', 47, '1'),
(5090, 'KI-KD420', 48, '1'),
(5091, 'KI-KD420', 49, '1'),
(5092, 'KI-KD420', 50, '1'),
(5093, 'KI-KD420', 51, '1'),
(5094, 'KI-KD420', 52, '1'),
(5095, 'KI-KD420', 53, '1'),
(5096, 'KI-KD420', 54, '1'),
(5097, 'KI-KD420', 55, '1'),
(5098, 'KI-KD420', 56, '1'),
(5099, 'KI-KD420', 57, '1'),
(5100, 'KI-KD420', 58, '1'),
(5101, 'KI-KD420', 59, '1'),
(5102, 'KI-KD420', 60, '1'),
(5103, 'KI-KD420', 61, '1'),
(5104, 'KI-KD420', 62, '1'),
(5105, 'KI-KD420', 63, '1'),
(5106, 'KI-KD420', 64, '1'),
(5107, 'KI-KD420', 65, '1'),
(5108, 'KI-KD420', 66, '1'),
(5109, 'KI-KD420', 67, '1'),
(5110, 'KI-KD420', 68, '1'),
(5111, 'KI-KD420', 69, '1'),
(5112, 'KI-KD420', 70, '1'),
(5113, 'KI-KD420', 71, '1'),
(5114, 'KI-KD420', 72, '1'),
(5115, 'KI-KD420', 73, '1'),
(5116, 'KI-KD420', 74, '1'),
(5117, 'KI-KD420', 75, '1'),
(5118, 'KI-KD420', 76, '1'),
(5119, 'KI-KD420', 77, '1'),
(5120, 'KI-KD420', 78, '1'),
(5121, 'KI-KD420', 79, '1'),
(5122, 'KI-KD420', 80, '1'),
(5123, 'KI-KD420', 81, '1'),
(5124, 'KI-KD420', 82, '1'),
(5125, 'KI-KD420', 83, '1'),
(5126, 'KI-KD420', 84, '1'),
(5127, 'KI-KD420', 85, '1'),
(5128, 'KI-KD420', 86, '1'),
(5129, 'KI-KD420', 87, '1'),
(5130, 'KI-KD420', 88, '1'),
(5131, 'KI-KD420', 89, '1'),
(5132, 'KI-KD420', 90, '1'),
(5133, 'KI-KD420', 91, '1'),
(5134, 'KI-KD420', 92, '1'),
(5135, 'KI-KD420', 93, '1'),
(5136, 'KI-KD420', 94, '1'),
(5137, 'KI-KD420', 95, '1'),
(5138, 'KI-KD420', 96, '1'),
(5139, 'KI-KD420', 97, '1'),
(5140, 'KI-KD420', 98, '1'),
(5141, 'KI-KD420', 99, '1'),
(5142, 'KI-KD420', 100, '1'),
(5143, 'KI-KD400', 1, '1'),
(5144, 'KI-KD400', 2, '1'),
(5145, 'KI-KD400', 3, '1'),
(5146, 'KI-KD400', 4, '1'),
(5147, 'KI-KD400', 5, '1'),
(5148, 'KI-KD400', 6, '1'),
(5149, 'KI-KD400', 7, '1'),
(5150, 'KI-KD400', 8, '1'),
(5151, 'KI-KD400', 9, '1'),
(5152, 'KI-KD400', 10, '1'),
(5153, 'KI-KD400', 11, '1'),
(5154, 'KI-KD400', 12, '1'),
(5155, 'KI-KD400', 13, '1'),
(5156, 'KI-KD400', 14, '1'),
(5157, 'KI-KD400', 15, '1'),
(5158, 'KI-KD400', 16, '1'),
(5159, 'KI-KD400', 17, '1'),
(5160, 'KI-KD400', 18, '1'),
(5161, 'KI-KD400', 19, '1'),
(5162, 'KI-KD400', 20, '1'),
(5163, 'KI-KD400', 21, '1'),
(5164, 'KI-KD400', 22, '1'),
(5165, 'KI-KD400', 23, '1'),
(5166, 'KI-KD400', 24, '1'),
(5167, 'KI-KD400', 25, '1'),
(5168, 'KI-KD400', 26, '1'),
(5169, 'KI-KD400', 27, '1'),
(5170, 'KI-KD400', 28, '1'),
(5171, 'KI-KD400', 29, '1'),
(5172, 'KI-KD400', 30, '1'),
(5173, 'KI-KD400', 31, '1'),
(5174, 'KI-KD400', 32, '1'),
(5175, 'KI-KD400', 33, '1'),
(5176, 'KI-KD400', 34, '1'),
(5177, 'KI-KD400', 35, '1'),
(5178, 'KI-KD400', 36, '1'),
(5179, 'KI-KD400', 37, '1'),
(5180, 'KI-KD400', 38, '1'),
(5181, 'KI-KD400', 39, '1'),
(5182, 'KI-KD400', 40, '1'),
(5183, 'KI-KD400', 41, '1'),
(5184, 'KI-KD400', 42, '1'),
(5185, 'KI-KD400', 43, '1'),
(5186, 'KI-KD400', 44, '1'),
(5187, 'KI-KD400', 45, '1'),
(5188, 'KI-KD400', 46, '1'),
(5189, 'KI-KD400', 47, '1'),
(5190, 'KI-KD400', 48, '1'),
(5191, 'KI-KD400', 49, '1'),
(5192, 'KI-KD400', 50, '1'),
(5193, 'KI-KD400', 51, '1'),
(5194, 'KI-KD400', 52, '1'),
(5195, 'KI-KD400', 53, '1'),
(5196, 'KI-KD400', 54, '1'),
(5197, 'KI-KD400', 55, '1'),
(5198, 'KI-KD400', 56, '1'),
(5199, 'KI-KD400', 57, '1'),
(5200, 'KI-KD400', 58, '1'),
(5201, 'KI-KD400', 59, '1'),
(5202, 'KI-KD400', 60, '1'),
(5203, 'KI-KD400', 61, '1'),
(5204, 'KI-KD400', 62, '1'),
(5205, 'KI-KD400', 63, '1'),
(5206, 'KI-KD400', 64, '1'),
(5207, 'KI-KD400', 65, '1'),
(5208, 'KI-KD400', 66, '1'),
(5209, 'KI-KD400', 67, '1'),
(5210, 'KI-KD400', 68, '1'),
(5211, 'KI-KD400', 69, '1'),
(5212, 'KI-KD400', 70, '1'),
(5213, 'KI-KD400', 71, '1'),
(5214, 'KI-KD400', 72, '1'),
(5215, 'KI-KD400', 73, '1'),
(5216, 'KI-KD400', 74, '1'),
(5217, 'KI-KD400', 75, '1'),
(5218, 'KI-KD400', 76, '1'),
(5219, 'KI-KD400', 77, '1'),
(5220, 'KI-KD400', 78, '1'),
(5221, 'KI-KD400', 79, '1'),
(5222, 'KI-KD400', 80, '1'),
(5223, 'KI-KD400', 81, '1'),
(5224, 'KI-KD400', 82, '1'),
(5225, 'KI-KD400', 83, '1'),
(5226, 'KI-KD400', 84, '1'),
(5227, 'KI-KD400', 85, '1'),
(5228, 'KI-KD400', 86, '1'),
(5229, 'KI-KD400', 87, '1'),
(5230, 'KI-KD400', 88, '1'),
(5231, 'KI-KD400', 89, '1'),
(5232, 'KI-KD400', 90, '1'),
(5233, 'KI-KD400', 91, '1'),
(5234, 'KI-KD400', 92, '1'),
(5235, 'KI-KD400', 93, '1'),
(5236, 'KI-KD400', 94, '1'),
(5237, 'KI-KD400', 95, '1'),
(5238, 'KI-KD400', 96, '1'),
(5239, 'KI-KD400', 97, '1'),
(5240, 'KI-KD400', 98, '1'),
(5241, 'KI-KD400', 99, '1'),
(5242, 'KI-KD400', 100, '1'),
(5243, '2017', 1, '1'),
(5244, '2017', 2, '1'),
(5245, '2017', 3, '1'),
(5246, '2017', 4, '1'),
(5247, '2017', 5, '1'),
(5248, '2017', 6, '1'),
(5249, '2017', 7, '1'),
(5250, '2017', 8, '1'),
(5251, '2017', 9, '1'),
(5252, '2017', 10, '1'),
(5253, '2017', 11, '1'),
(5254, '2017', 12, '1'),
(5255, '2017', 13, '1'),
(5256, '2017', 14, '1'),
(5257, '2017', 15, '1'),
(5258, '2017', 16, '1'),
(5259, '2017', 17, '1'),
(5260, '2017', 18, '1'),
(5261, '2017', 19, '1'),
(5262, '2017', 20, '1'),
(5263, '2017', 21, '1'),
(5264, '2017', 22, '1'),
(5265, '2017', 23, '1'),
(5266, '2017', 24, '1'),
(5267, '2017', 25, '1'),
(5268, '2017', 26, '1'),
(5269, '2017', 27, '1'),
(5270, '2017', 28, '1'),
(5271, '2017', 29, '1'),
(5272, '2017', 30, '1'),
(5273, '2017', 31, '1'),
(5274, '2017', 32, '1'),
(5275, '2017', 33, '1'),
(5276, '2017', 34, '1'),
(5277, '2017', 35, '1'),
(5278, '2017', 36, '1'),
(5279, '2017', 37, '1'),
(5280, '2017', 38, '1'),
(5281, '2017', 39, '1'),
(5282, '2017', 40, '1'),
(5283, '2017', 41, '1'),
(5284, '2017', 42, '1'),
(5285, '2017', 43, '1'),
(5286, '2017', 44, '1'),
(5287, '2017', 45, '1'),
(5288, '2017', 46, '1'),
(5289, '2017', 47, '1'),
(5290, '2017', 48, '1'),
(5291, '2017', 49, '1'),
(5292, '2017', 50, '1'),
(5293, '2017', 51, '1'),
(5294, '2017', 52, '1'),
(5295, '2017', 53, '1'),
(5296, '2017', 54, '1'),
(5297, '2017', 55, '1'),
(5298, '2017', 56, '1'),
(5299, '2017', 57, '1'),
(5300, '2017', 58, '1'),
(5301, '2017', 59, '1'),
(5302, '2017', 60, '1'),
(5303, '2017', 61, '1'),
(5304, '2017', 62, '1'),
(5305, '2017', 63, '1'),
(5306, '2017', 64, '1'),
(5307, '2017', 65, '1'),
(5308, '2017', 66, '1'),
(5309, '2017', 67, '1'),
(5310, '2017', 68, '1'),
(5311, '2017', 69, '1'),
(5312, '2017', 70, '1'),
(5313, '2017', 71, '1'),
(5314, '2017', 72, '1'),
(5315, '2017', 73, '1'),
(5316, '2017', 74, '1'),
(5317, '2017', 75, '1'),
(5318, '2017', 76, '1'),
(5319, '2017', 77, '1'),
(5320, '2017', 78, '1'),
(5321, '2017', 79, '1'),
(5322, '2017', 80, '1'),
(5323, '2017', 81, '1'),
(5324, '2017', 82, '1'),
(5325, '2017', 83, '1'),
(5326, '2017', 84, '1'),
(5327, '2017', 85, '1'),
(5328, '2017', 86, '1'),
(5329, '2017', 87, '1'),
(5330, '2017', 88, '1'),
(5331, '2017', 89, '1'),
(5332, '2017', 90, '1'),
(5333, '2017', 91, '1');
INSERT INTO `tb_detail_buku` (`id_detail_buku`, `id_buku`, `no_buku`, `status`) VALUES
(5334, '2017', 92, '1'),
(5335, '2017', 93, '1'),
(5336, '2017', 94, '1'),
(5337, '2017', 95, '1'),
(5338, '2017', 96, '1'),
(5339, '2017', 97, '1'),
(5340, '2017', 98, '1'),
(5341, '2017', 99, '1'),
(5342, '2017', 100, '1'),
(5343, '333', 1, '1'),
(5344, '333', 2, '1'),
(5345, '333', 3, '1'),
(5346, '333', 4, '1'),
(5347, '333', 5, '1'),
(5348, '333', 6, '1'),
(5349, '333', 7, '1'),
(5350, '333', 8, '1'),
(5351, '333', 9, '1'),
(5352, '333', 10, '1'),
(5353, '333', 11, '1'),
(5354, '333', 12, '1'),
(5355, '333', 13, '1'),
(5356, '333', 14, '1'),
(5357, '333', 15, '1'),
(5358, '333', 16, '1'),
(5359, '333', 17, '1'),
(5360, '333', 18, '1'),
(5361, '333', 19, '1'),
(5362, '333', 20, '1'),
(5363, '333', 21, '1'),
(5364, '333', 22, '1'),
(5365, '333', 23, '1'),
(5366, '333', 24, '1'),
(5367, '333', 25, '1'),
(5368, '333', 26, '1'),
(5369, '333', 27, '1'),
(5370, '333', 28, '1'),
(5371, '333', 29, '1'),
(5372, '333', 30, '1'),
(5373, '333', 31, '1'),
(5374, '333', 32, '1'),
(5375, '333', 33, '1'),
(5376, '333', 34, '1'),
(5377, '333', 35, '1'),
(5378, '333', 36, '1'),
(5379, '333', 37, '1'),
(5380, '333', 38, '1'),
(5381, '333', 39, '1'),
(5382, '333', 40, '1'),
(5383, '333', 41, '1'),
(5384, '333', 42, '1'),
(5385, '333', 43, '1'),
(5386, '333', 44, '1'),
(5387, '333', 45, '1'),
(5388, '333', 46, '1'),
(5389, '333', 47, '1'),
(5390, '333', 48, '1'),
(5391, '333', 49, '1'),
(5392, '333', 50, '1'),
(5393, '333', 51, '1'),
(5394, '333', 52, '1'),
(5395, '333', 53, '1'),
(5396, '333', 54, '1'),
(5397, '333', 55, '1'),
(5398, '333', 56, '1'),
(5399, '333', 57, '1'),
(5400, '333', 58, '1'),
(5401, '333', 59, '1'),
(5402, '333', 60, '1'),
(5403, '333', 61, '1'),
(5404, '333', 62, '1'),
(5405, '333', 63, '1'),
(5406, '333', 64, '1'),
(5407, '333', 65, '1'),
(5408, '333', 66, '1'),
(5409, '333', 67, '1'),
(5410, '333', 68, '1'),
(5411, '333', 69, '1'),
(5412, '333', 70, '1'),
(5413, '333', 71, '1'),
(5414, '333', 72, '1'),
(5415, '333', 73, '1'),
(5416, '333', 74, '1'),
(5417, '333', 75, '1'),
(5418, '333', 76, '1'),
(5419, '333', 77, '1'),
(5420, '333', 78, '1'),
(5421, '333', 79, '1'),
(5422, '333', 80, '1'),
(5423, '333', 81, '1'),
(5424, '333', 82, '1'),
(5425, '333', 83, '1'),
(5426, '333', 84, '1'),
(5427, '333', 85, '1'),
(5428, '333', 86, '1'),
(5429, '333', 87, '1'),
(5430, '333', 88, '1'),
(5431, '333', 89, '1'),
(5432, '333', 90, '1'),
(5433, '333', 91, '1'),
(5434, '333', 92, '1'),
(5435, '333', 93, '1'),
(5436, '333', 94, '1'),
(5437, '333', 95, '1'),
(5438, '333', 96, '1'),
(5439, '333', 97, '1'),
(5440, '333', 98, '1'),
(5441, '333', 99, '1'),
(5442, '333', 100, '1'),
(5443, 'DDC23', 1, '1'),
(5444, 'DDC23', 2, '1'),
(5445, 'DDC23', 3, '1'),
(5446, 'DDC23', 4, '1'),
(5447, 'DDC23', 5, '1'),
(5448, 'DDC23', 6, '1'),
(5449, 'DDC23', 7, '1'),
(5450, 'DDC23', 8, '1'),
(5451, 'DDC23', 9, '1'),
(5452, 'DDC23', 10, '1'),
(5453, 'DDC23', 11, '1'),
(5454, 'DDC23', 12, '1'),
(5455, 'DDC23', 13, '1'),
(5456, 'DDC23', 14, '1'),
(5457, 'DDC23', 15, '1'),
(5458, 'DDC23', 16, '1'),
(5459, 'DDC23', 17, '1'),
(5460, 'DDC23', 18, '1'),
(5461, 'DDC23', 19, '1'),
(5462, 'DDC23', 20, '1'),
(5463, 'DDC23', 21, '1'),
(5464, 'DDC23', 22, '1'),
(5465, 'DDC23', 23, '1'),
(5466, 'DDC23', 24, '1'),
(5467, 'DDC23', 25, '1'),
(5468, 'DDC23', 26, '1'),
(5469, 'DDC23', 27, '1'),
(5470, 'DDC23', 28, '1'),
(5471, 'DDC23', 29, '1'),
(5472, 'DDC23', 30, '1'),
(5473, 'DDC23', 31, '1'),
(5474, 'DDC23', 32, '1'),
(5475, 'DDC23', 33, '1'),
(5476, 'DDC23', 34, '1'),
(5477, 'DDC23', 35, '1'),
(5478, 'DDC23', 36, '1'),
(5479, 'DDC23', 37, '1'),
(5480, 'DDC23', 38, '1'),
(5481, 'DDC23', 39, '1'),
(5482, 'DDC23', 40, '1'),
(5483, 'DDC23', 41, '1'),
(5484, 'DDC23', 42, '1'),
(5485, 'DDC23', 43, '1'),
(5486, 'DDC23', 44, '1'),
(5487, 'DDC23', 45, '1'),
(5488, 'DDC23', 46, '1'),
(5489, 'DDC23', 47, '1'),
(5490, 'DDC23', 48, '1'),
(5491, 'DDC23', 49, '1'),
(5492, 'DDC23', 50, '1'),
(5493, 'DDC23', 51, '1'),
(5494, 'DDC23', 52, '1'),
(5495, 'DDC23', 53, '1'),
(5496, 'DDC23', 54, '1'),
(5497, 'DDC23', 55, '1'),
(5498, 'DDC23', 56, '1'),
(5499, 'DDC23', 57, '1'),
(5500, 'DDC23', 58, '1'),
(5501, 'DDC23', 59, '1'),
(5502, 'DDC23', 60, '1'),
(5503, 'DDC23', 61, '1'),
(5504, 'DDC23', 62, '1'),
(5505, 'DDC23', 63, '1'),
(5506, 'DDC23', 64, '1'),
(5507, 'DDC23', 65, '1'),
(5508, 'DDC23', 66, '1'),
(5509, 'DDC23', 67, '1'),
(5510, 'DDC23', 68, '1'),
(5511, 'DDC23', 69, '1'),
(5512, 'DDC23', 70, '1'),
(5513, 'DDC23', 71, '1'),
(5514, 'DDC23', 72, '1'),
(5515, 'DDC23', 73, '1'),
(5516, 'DDC23', 74, '1'),
(5517, 'DDC23', 75, '1'),
(5518, 'DDC23', 76, '1'),
(5519, 'DDC23', 77, '1'),
(5520, 'DDC23', 78, '1'),
(5521, 'DDC23', 79, '1'),
(5522, 'DDC23', 80, '1'),
(5523, 'DDC23', 81, '1'),
(5524, 'DDC23', 82, '1'),
(5525, 'DDC23', 83, '1'),
(5526, 'DDC23', 84, '1'),
(5527, 'DDC23', 85, '1'),
(5528, 'DDC23', 86, '1'),
(5529, 'DDC23', 87, '1'),
(5530, 'DDC23', 88, '1'),
(5531, 'DDC23', 89, '1'),
(5532, 'DDC23', 90, '1'),
(5533, 'DDC23', 91, '1'),
(5534, 'DDC23', 92, '1'),
(5535, 'DDC23', 93, '1'),
(5536, 'DDC23', 94, '1'),
(5537, 'DDC23', 95, '1'),
(5538, 'DDC23', 96, '1'),
(5539, 'DDC23', 97, '1'),
(5540, 'DDC23', 98, '1'),
(5541, 'DDC23', 99, '1'),
(5542, 'DDC23', 100, '1');

-- --------------------------------------------------------

--
-- Table structure for table `tb_detail_pinjam`
--

CREATE TABLE `tb_detail_pinjam` (
  `id_detail_pinjam` int(11) NOT NULL,
  `id_pinjam` int(11) NOT NULL,
  `id_buku` char(15) NOT NULL,
  `no_buku` int(4) NOT NULL,
  `flag` int(1) DEFAULT NULL
) ENGINE=InnoDB DEFAULT CHARSET=latin1;

--
-- Dumping data for table `tb_detail_pinjam`
--

INSERT INTO `tb_detail_pinjam` (`id_detail_pinjam`, `id_pinjam`, `id_buku`, `no_buku`, `flag`) VALUES
(2, 2, '3', 1, 1),
(3, 3, '3', 2, 0),
(4, 4, '4', 2, 1),
(5, 5, '4', 1, 0),
(6, 6, '4', 3, 0),
(7, 7, '4', 4, 0),
(8, 8, '4', 5, 0),
(9, 9, '4', 6, 1),
(10, 10, '3', 3, 1),
(11, 11, '4', 7, 0),
(15, 13, '12', 1, 0),
(19, 16, '3', 1, 0),
(20, 17, '3', 4, 0),
(21, 18, '3', 5, 0),
(22, 19, '5', 1, 1);

-- --------------------------------------------------------

--
-- Table structure for table `tb_kategori`
--

CREATE TABLE `tb_kategori` (
  `id_kategori` int(3) NOT NULL,
  `kategori` varchar(50) NOT NULL
) ENGINE=InnoDB DEFAULT CHARSET=latin1;

--
-- Dumping data for table `tb_kategori`
--

INSERT INTO `tb_kategori` (`id_kategori`, `kategori`) VALUES
(1, 'Pendidikan Agama Islam'),
(2, 'Matematika'),
(4, 'Penjaskes'),
(5, 'Kejuruan'),
(6, 'Seni'),
(7, 'Pendidikan Bahasa Indonesia'),
(8, 'Bahasa inggris'),
(9, 'Pendidikan kewarganegaraan'),
(10, 'Sains (Fisika)'),
(11, 'Sains (Kimia)'),
(12, 'Sejarah Indonesia'),
(13, 'Seni Budaya'),
(14, 'Penjaskes'),
(15, 'PKK');

-- --------------------------------------------------------

--
-- Table structure for table `tb_kelas`
--

CREATE TABLE `tb_kelas` (
  `id_kelas` int(2) NOT NULL,
  `kelas` varchar(10) NOT NULL
) ENGINE=InnoDB DEFAULT CHARSET=latin1;

--
-- Dumping data for table `tb_kelas`
--

INSERT INTO `tb_kelas` (`id_kelas`, `kelas`) VALUES
(9, 'XI RPL A'),
(10, 'XI RPL B'),
(11, 'XI MM A'),
(12, 'XI MM B'),
(13, 'XI MM C'),
(14, 'XI TKJ A'),
(15, 'XI TKJ C'),
(16, 'XI TKJ B'),
(17, 'XI KK A'),
(18, 'XI KT C'),
(19, 'XI KT A'),
(20, 'XI KT B'),
(21, 'XI DKV A'),
(22, 'XI DKV B'),
(23, 'XI DKV C'),
(24, 'X TKJ A'),
(25, 'X TKJ B'),
(26, 'X TKJ C'),
(27, 'X MM A'),
(28, 'X MM B'),
(29, 'X MM C'),
(30, 'X DKV A'),
(31, 'X DKV B'),
(32, 'X DKV C'),
(33, 'X KT A'),
(34, 'X KT B'),
(35, 'X KT C'),
(36, 'X RPL A'),
(37, 'X RPL B'),
(38, 'X KK A'),
(39, 'X KK B'),
(40, 'XII KK A'),
(41, 'XII KT A'),
(42, 'XII KT B'),
(43, 'XII KT C'),
(44, 'XII TKJ A'),
(45, 'XII TKJ B'),
(46, 'XII TKJ C'),
(47, 'XII MM A'),
(48, 'XII MM B'),
(49, 'XII MM C'),
(50, 'XII RPL A'),
(51, 'XII RPL B'),
(52, 'XII DKV A'),
(53, 'XII DKV B'),
(54, 'XII DKV C'),
(55, 'X ANIMASI '),
(56, 'X RPL C');

-- --------------------------------------------------------

--
-- Table structure for table `tb_kembali`
--

CREATE TABLE `tb_kembali` (
  `id_kembali` int(11) NOT NULL,
  `id_pinjam` int(11) NOT NULL,
  `tgl_dikembalikan` date NOT NULL,
  `terlambat` int(2) NOT NULL,
  `id_denda` int(6) NOT NULL,
  `denda` int(11) NOT NULL
) ENGINE=InnoDB DEFAULT CHARSET=latin1;

--
-- Dumping data for table `tb_kembali`
--

INSERT INTO `tb_kembali` (`id_kembali`, `id_pinjam`, `tgl_dikembalikan`, `terlambat`, `id_denda`, `denda`) VALUES
(3, 2, '2019-08-09', 0, 5, 0),
(4, 10, '2019-08-12', 0, 5, 0),
(5, 9, '2019-08-12', 0, 5, 0),
(6, 4, '2019-08-12', 0, 5, 0),
(7, 19, '2019-08-13', 0, 5, 0);

-- --------------------------------------------------------

--
-- Table structure for table `tb_login`
--

CREATE TABLE `tb_login` (
  `username` varchar(15) NOT NULL,
  `password` varchar(75) NOT NULL,
  `stts` varchar(10) NOT NULL
) ENGINE=InnoDB DEFAULT CHARSET=latin1;

--
-- Dumping data for table `tb_login`
--

INSERT INTO `tb_login` (`username`, `password`, `stts`) VALUES
('admin', '8855067c2f49a45b4d3148afd261f4b1', 'admin'),
('azaya', '1d9201b470cafc4e240f5af6453e1287', 'petugas');

-- --------------------------------------------------------

--
-- Table structure for table `tb_penerbit`
--

CREATE TABLE `tb_penerbit` (
  `id_penerbit` int(3) NOT NULL,
  `nama_penerbit` varchar(50) NOT NULL,
  `id_provinsi` int(4) NOT NULL
) ENGINE=InnoDB DEFAULT CHARSET=latin1;

--
-- Dumping data for table `tb_penerbit`
--

INSERT INTO `tb_penerbit` (`id_penerbit`, `nama_penerbit`, `id_provinsi`) VALUES
(1, 'ERLANGGA', 8),
(4, 'Andi', 2),
(5, 'iman firmansyah, s.pd', 6);

-- --------------------------------------------------------

--
-- Table structure for table `tb_pengarang`
--

CREATE TABLE `tb_pengarang` (
  `id_pengarang` int(3) NOT NULL,
  `nama_pengarang` varchar(50) NOT NULL
) ENGINE=InnoDB DEFAULT CHARSET=latin1;

--
-- Dumping data for table `tb_pengarang`
--

INSERT INTO `tb_pengarang` (`id_pengarang`, `nama_pengarang`) VALUES
(5, 'H.Abd.Rahman , Hj.lim Halimah , Munawir A.M. , H.A'),
(6, 'Yuyus Kardiman,  dkk.'),
(7, 'Yustinah'),
(8, 'Pristiadi Utomo'),
(9, 'Suswanto Djony P. Siti Naqiyah'),
(10, 'Ratna Hapsari, M.Adil'),
(11, 'Sugiyanto'),
(12, 'Kasmina'),
(13, 'Indriati Agung Rahayu, M.Azhar Mabshiri'),
(14, 'Patwiyanto, dll'),
(15, 'Shyla K. Lande');

-- --------------------------------------------------------

--
-- Table structure for table `tb_petugas`
--

CREATE TABLE `tb_petugas` (
  `id_petugas` char(10) NOT NULL,
  `nama` varchar(100) NOT NULL,
  `img` varchar(50) NOT NULL,
  `jenis_kelamin` enum('L','P') NOT NULL,
  `alamat` text NOT NULL,
  `password` varchar(50) NOT NULL,
  `id_agama` int(2) NOT NULL,
  `hp` varchar(15) NOT NULL,
  `ket` text NOT NULL
) ENGINE=InnoDB DEFAULT CHARSET=latin1;

--
-- Dumping data for table `tb_petugas`
--

INSERT INTO `tb_petugas` (`id_petugas`, `nama`, `img`, `jenis_kelamin`, `alamat`, `password`, `id_agama`, `hp`, `ket`) VALUES
('admin', 'SMK 4 KENDARI', '71PCAQOKVW39NBGTHMS08J6YDL25ZFEIRXU4.png', 'L', 'jln. Jambu Mente', 'smk4kendari', 2, '085943681542', 'petugas'),
('azaya', 'miftahul jannah', 'IL5O6CBUNMDRWP3ZF1XTEK4G79HSJA8YV0Q2.jpg', 'P', 'Jln Jambu Mente RW 01 RT 02', 'azaya', 2, '08114000805', 'saya miftah');

-- --------------------------------------------------------

--
-- Table structure for table `tb_pinjam`
--

CREATE TABLE `tb_pinjam` (
  `id_pinjam` int(11) NOT NULL,
  `tgl_pinjam` date NOT NULL,
  `id_anggota` varchar(11) NOT NULL,
  `tgl_kembali` date NOT NULL,
  `total_buku` int(4) NOT NULL,
  `status` int(1) NOT NULL
) ENGINE=InnoDB DEFAULT CHARSET=latin1;

--
-- Dumping data for table `tb_pinjam`
--

INSERT INTO `tb_pinjam` (`id_pinjam`, `tgl_pinjam`, `id_anggota`, `tgl_kembali`, `total_buku`, `status`) VALUES
(2, '2019-08-02', 'ANGG000164', '2019-08-09', 1, 1),
(3, '2019-08-02', 'ANGG000285', '2019-08-09', 1, 0),
(4, '2019-08-05', 'ANGG000296', '2019-08-12', 1, 1),
(5, '2019-08-05', 'ANGG000238', '2019-08-12', 1, 0),
(6, '2019-08-05', 'ANGG000297', '2019-08-12', 1, 0),
(7, '2019-08-05', 'ANGG000248', '2019-08-12', 1, 0),
(8, '2019-08-05', 'ANGG000244', '2019-08-12', 1, 0),
(9, '2019-08-05', 'ANGG000247', '2019-08-12', 1, 1),
(10, '2019-08-05', 'ANGG000298', '2019-08-12', 1, 1),
(11, '2019-08-05', 'ANGG000048', '2019-08-12', 1, 0),
(13, '2019-08-05', 'ANGG000250', '2019-08-12', 1, 0),
(16, '2019-08-09', 'ANGG000299', '2019-08-16', 1, 0),
(17, '2019-08-09', 'ANGG000300', '2019-08-16', 1, 0),
(18, '2019-08-12', 'ANGG000298', '2019-08-19', 1, 0),
(19, '2019-08-12', 'ANGG000301', '2019-08-13', 1, 1);

-- --------------------------------------------------------

--
-- Table structure for table `tb_provinsi`
--

CREATE TABLE `tb_provinsi` (
  `id_provinsi` int(2) NOT NULL,
  `nama_provinsi` varchar(50) NOT NULL,
  `kota` varchar(50) NOT NULL
) ENGINE=InnoDB DEFAULT CHARSET=latin1;

--
-- Dumping data for table `tb_provinsi`
--

INSERT INTO `tb_provinsi` (`id_provinsi`, `nama_provinsi`, `kota`) VALUES
(1, 'Sumatera Selatan', 'Palembang'),
(2, 'D.I.Y Yogyakarta', 'Yogya'),
(4, 'Jambi', 'Jambi Kota'),
(6, 'Pekan Baru', 'Riau'),
(7, 'Sulawesi Tenggara', 'Kendari'),
(8, 'DKI Jakarta', 'jakarta');

-- --------------------------------------------------------

--
-- Table structure for table `tb_rak`
--

CREATE TABLE `tb_rak` (
  `no_rak` int(2) NOT NULL,
  `nama_rak` varchar(50) NOT NULL,
  `id_kategori` int(3) NOT NULL
) ENGINE=InnoDB DEFAULT CHARSET=latin1;

--
-- Dumping data for table `tb_rak`
--

INSERT INTO `tb_rak` (`no_rak`, `nama_rak`, `id_kategori`) VALUES
(2, '1', 2),
(3, '2', 7),
(4, '3', 4),
(5, '4', 5),
(6, '5', 8);

--
-- Indexes for dumped tables
--

--
-- Indexes for table `register`
--
ALTER TABLE `register`
  ADD PRIMARY KEY (`id`),
  ADD KEY `email` (`email`);

--
-- Indexes for table `tb_agama`
--
ALTER TABLE `tb_agama`
  ADD PRIMARY KEY (`id_agama`);

--
-- Indexes for table `tb_anggota`
--
ALTER TABLE `tb_anggota`
  ADD PRIMARY KEY (`id_anggota`),
  ADD KEY `id_agama` (`id_agama`),
  ADD KEY `id_kelas` (`id_kelas`);

--
-- Indexes for table `tb_buku`
--
ALTER TABLE `tb_buku`
  ADD PRIMARY KEY (`id_buku`),
  ADD KEY `id_kategori` (`id_kategori`),
  ADD KEY `id_penerbit` (`id_penerbit`),
  ADD KEY `id_pengarang` (`id_pengarang`),
  ADD KEY `no_rak` (`no_rak`),
  ADD KEY `id_buku` (`id_buku`,`ISBN`,`judul`,`id_kategori`,`id_penerbit`,`id_pengarang`,`no_rak`,`thn_terbit`,`stok`);

--
-- Indexes for table `tb_denda`
--
ALTER TABLE `tb_denda`
  ADD PRIMARY KEY (`id_denda`);

--
-- Indexes for table `tb_detail_buku`
--
ALTER TABLE `tb_detail_buku`
  ADD KEY `id_detail_buku` (`id_detail_buku`,`id_buku`,`no_buku`,`status`),
  ADD KEY `id_buku` (`id_buku`);

--
-- Indexes for table `tb_detail_pinjam`
--
ALTER TABLE `tb_detail_pinjam`
  ADD PRIMARY KEY (`id_detail_pinjam`),
  ADD KEY `id_anggota` (`id_pinjam`),
  ADD KEY `id_detail_pinjam` (`id_detail_pinjam`,`id_pinjam`,`id_buku`,`no_buku`),
  ADD KEY `id_buku` (`id_buku`);

--
-- Indexes for table `tb_kategori`
--
ALTER TABLE `tb_kategori`
  ADD PRIMARY KEY (`id_kategori`);

--
-- Indexes for table `tb_kelas`
--
ALTER TABLE `tb_kelas`
  ADD PRIMARY KEY (`id_kelas`);

--
-- Indexes for table `tb_kembali`
--
ALTER TABLE `tb_kembali`
  ADD PRIMARY KEY (`id_kembali`),
  ADD KEY `id_detail` (`id_pinjam`),
  ADD KEY `id_kembali` (`id_kembali`,`id_pinjam`,`tgl_dikembalikan`,`terlambat`,`id_denda`);

--
-- Indexes for table `tb_login`
--
ALTER TABLE `tb_login`
  ADD PRIMARY KEY (`username`),
  ADD KEY `username` (`username`,`password`,`stts`);

--
-- Indexes for table `tb_penerbit`
--
ALTER TABLE `tb_penerbit`
  ADD PRIMARY KEY (`id_penerbit`),
  ADD KEY `id_penerbit` (`id_penerbit`,`nama_penerbit`,`id_provinsi`),
  ADD KEY `id_provinsi` (`id_provinsi`);

--
-- Indexes for table `tb_pengarang`
--
ALTER TABLE `tb_pengarang`
  ADD PRIMARY KEY (`id_pengarang`);

--
-- Indexes for table `tb_petugas`
--
ALTER TABLE `tb_petugas`
  ADD PRIMARY KEY (`id_petugas`),
  ADD KEY `id_agama` (`id_agama`);

--
-- Indexes for table `tb_pinjam`
--
ALTER TABLE `tb_pinjam`
  ADD PRIMARY KEY (`id_pinjam`),
  ADD KEY `id_detail` (`tgl_kembali`),
  ADD KEY `id_buku` (`id_anggota`),
  ADD KEY `id_pinjam` (`id_pinjam`,`tgl_pinjam`,`id_anggota`,`tgl_kembali`,`total_buku`);

--
-- Indexes for table `tb_provinsi`
--
ALTER TABLE `tb_provinsi`
  ADD PRIMARY KEY (`id_provinsi`);

--
-- Indexes for table `tb_rak`
--
ALTER TABLE `tb_rak`
  ADD PRIMARY KEY (`no_rak`),
  ADD KEY `id_kategori` (`id_kategori`);

--
-- AUTO_INCREMENT for dumped tables
--

--
-- AUTO_INCREMENT for table `register`
--
ALTER TABLE `register`
  MODIFY `id` int(9) NOT NULL AUTO_INCREMENT, AUTO_INCREMENT=1001;
--
-- AUTO_INCREMENT for table `tb_agama`
--
ALTER TABLE `tb_agama`
  MODIFY `id_agama` int(2) NOT NULL AUTO_INCREMENT, AUTO_INCREMENT=7;
--
-- AUTO_INCREMENT for table `tb_denda`
--
ALTER TABLE `tb_denda`
  MODIFY `id_denda` int(6) NOT NULL AUTO_INCREMENT, AUTO_INCREMENT=6;
--
-- AUTO_INCREMENT for table `tb_detail_buku`
--
ALTER TABLE `tb_detail_buku`
  MODIFY `id_detail_buku` int(11) NOT NULL AUTO_INCREMENT, AUTO_INCREMENT=5543;
--
-- AUTO_INCREMENT for table `tb_detail_pinjam`
--
ALTER TABLE `tb_detail_pinjam`
  MODIFY `id_detail_pinjam` int(11) NOT NULL AUTO_INCREMENT, AUTO_INCREMENT=23;
--
-- AUTO_INCREMENT for table `tb_kategori`
--
ALTER TABLE `tb_kategori`
  MODIFY `id_kategori` int(3) NOT NULL AUTO_INCREMENT, AUTO_INCREMENT=16;
--
-- AUTO_INCREMENT for table `tb_kelas`
--
ALTER TABLE `tb_kelas`
  MODIFY `id_kelas` int(2) NOT NULL AUTO_INCREMENT, AUTO_INCREMENT=57;
--
-- AUTO_INCREMENT for table `tb_kembali`
--
ALTER TABLE `tb_kembali`
  MODIFY `id_kembali` int(11) NOT NULL AUTO_INCREMENT, AUTO_INCREMENT=8;
--
-- AUTO_INCREMENT for table `tb_penerbit`
--
ALTER TABLE `tb_penerbit`
  MODIFY `id_penerbit` int(3) NOT NULL AUTO_INCREMENT, AUTO_INCREMENT=6;
--
-- AUTO_INCREMENT for table `tb_pengarang`
--
ALTER TABLE `tb_pengarang`
  MODIFY `id_pengarang` int(3) NOT NULL AUTO_INCREMENT, AUTO_INCREMENT=16;
--
-- AUTO_INCREMENT for table `tb_pinjam`
--
ALTER TABLE `tb_pinjam`
  MODIFY `id_pinjam` int(11) NOT NULL AUTO_INCREMENT, AUTO_INCREMENT=20;
--
-- AUTO_INCREMENT for table `tb_provinsi`
--
ALTER TABLE `tb_provinsi`
  MODIFY `id_provinsi` int(2) NOT NULL AUTO_INCREMENT, AUTO_INCREMENT=9;
--
-- AUTO_INCREMENT for table `tb_rak`
--
ALTER TABLE `tb_rak`
  MODIFY `no_rak` int(2) NOT NULL AUTO_INCREMENT, AUTO_INCREMENT=7;
--
-- Constraints for dumped tables
--

--
-- Constraints for table `tb_anggota`
--
ALTER TABLE `tb_anggota`
  ADD CONSTRAINT `tb_anggota_ibfk_1` FOREIGN KEY (`id_agama`) REFERENCES `tb_agama` (`id_agama`) ON DELETE CASCADE ON UPDATE CASCADE,
  ADD CONSTRAINT `tb_anggota_ibfk_2` FOREIGN KEY (`id_kelas`) REFERENCES `tb_kelas` (`id_kelas`) ON DELETE CASCADE ON UPDATE CASCADE;

--
-- Constraints for table `tb_buku`
--
ALTER TABLE `tb_buku`
  ADD CONSTRAINT `tb_buku_ibfk_1` FOREIGN KEY (`id_kategori`) REFERENCES `tb_kategori` (`id_kategori`) ON DELETE CASCADE ON UPDATE CASCADE,
  ADD CONSTRAINT `tb_buku_ibfk_2` FOREIGN KEY (`id_penerbit`) REFERENCES `tb_penerbit` (`id_penerbit`) ON DELETE CASCADE ON UPDATE CASCADE,
  ADD CONSTRAINT `tb_buku_ibfk_3` FOREIGN KEY (`id_pengarang`) REFERENCES `tb_pengarang` (`id_pengarang`) ON DELETE CASCADE ON UPDATE CASCADE,
  ADD CONSTRAINT `tb_buku_ibfk_4` FOREIGN KEY (`no_rak`) REFERENCES `tb_rak` (`no_rak`) ON DELETE CASCADE ON UPDATE CASCADE;

--
-- Constraints for table `tb_detail_buku`
--
ALTER TABLE `tb_detail_buku`
  ADD CONSTRAINT `tb_detail_buku_ibfk_1` FOREIGN KEY (`id_buku`) REFERENCES `tb_buku` (`id_buku`) ON DELETE CASCADE ON UPDATE CASCADE;

--
-- Constraints for table `tb_detail_pinjam`
--
ALTER TABLE `tb_detail_pinjam`
  ADD CONSTRAINT `tb_detail_pinjam_ibfk_1` FOREIGN KEY (`id_pinjam`) REFERENCES `tb_pinjam` (`id_pinjam`) ON DELETE CASCADE ON UPDATE CASCADE,
  ADD CONSTRAINT `tb_detail_pinjam_ibfk_2` FOREIGN KEY (`id_buku`) REFERENCES `tb_buku` (`id_buku`) ON DELETE CASCADE ON UPDATE CASCADE;

--
-- Constraints for table `tb_kembali`
--
ALTER TABLE `tb_kembali`
  ADD CONSTRAINT `tb_kembali_ibfk_1` FOREIGN KEY (`id_pinjam`) REFERENCES `tb_pinjam` (`id_pinjam`) ON DELETE CASCADE ON UPDATE CASCADE;

--
-- Constraints for table `tb_penerbit`
--
ALTER TABLE `tb_penerbit`
  ADD CONSTRAINT `tb_penerbit_ibfk_1` FOREIGN KEY (`id_provinsi`) REFERENCES `tb_provinsi` (`id_provinsi`) ON DELETE CASCADE ON UPDATE CASCADE;

--
-- Constraints for table `tb_petugas`
--
ALTER TABLE `tb_petugas`
  ADD CONSTRAINT `tb_petugas_ibfk_1` FOREIGN KEY (`id_agama`) REFERENCES `tb_agama` (`id_agama`) ON DELETE CASCADE ON UPDATE CASCADE;

--
-- Constraints for table `tb_pinjam`
--
ALTER TABLE `tb_pinjam`
  ADD CONSTRAINT `tb_pinjam_ibfk_1` FOREIGN KEY (`id_anggota`) REFERENCES `tb_anggota` (`id_anggota`) ON DELETE CASCADE ON UPDATE CASCADE;

--
-- Constraints for table `tb_rak`
--
ALTER TABLE `tb_rak`
  ADD CONSTRAINT `tb_rak_ibfk_1` FOREIGN KEY (`id_kategori`) REFERENCES `tb_kategori` (`id_kategori`) ON DELETE CASCADE ON UPDATE CASCADE;

/*!40101 SET CHARACTER_SET_CLIENT=@OLD_CHARACTER_SET_CLIENT */;
/*!40101 SET CHARACTER_SET_RESULTS=@OLD_CHARACTER_SET_RESULTS */;
/*!40101 SET COLLATION_CONNECTION=@OLD_COLLATION_CONNECTION */;
